Employee_ID,Department,Age,Salary,Projects_Completed,Working_Hours,Performance_Score,Promotion_Status
EMP0001,IT,29,1024000,5,44.7,65.2,No
EMP0002,Marketing,39,917000,6,38.4,78.3,No
EMP0003,IT,36,1138000,6,42.5,74.6,No
EMP0004,Operations,40,846000,4,48.0,75.6,Yes
EMP0005,Finance,40,985000,5,37.6,75.0,No
EMP0006,IT,38,1120000,8,49.1,72.7,No
EMP0007,Sales,39,892000,10,43.4,77.1,Yes
EMP0008,HR,38,888000,0,44.5,64.3,No
EMP0009,Sales,33,898000,7,40.9,68.7,No
EMP0010,IT,40,1069000,9,44.7,75.5,No
EMP0011,Marketing,31,858000,2,45.8,63.8,No
EMP0012,Sales,35,1045000,9,45.5,84.1,No
EMP0013,Operations,31,748000,8,40.7,78.5,No
EMP0014,Sales,28,899000,9,36.0,63.6,No
EMP0015,HR,26,893000,6,43.7,70.9,No
EMP0016,Marketing,43,1053000,3,46.0,71.3,No
EMP0017,Sales,32,930000,6,44.8,80.1,No
EMP0018,Marketing,35,788000,7,45.1,72.3,No
EMP0019,Marketing,30,888000,8,33.8,77.3,Yes
EMP0020,IT,34,930000,3,50.7,68.2,No
EMP0021,Marketing,42,1056000,3,44.5,74.8,No
EMP0022,IT,28,995000,7,51.6,88.2,No
EMP0023,Finance,31,831000,8,53.6,78.0,Yes
EMP0024,Finance,34,928000,5,34.3,63.7,No
EMP0025,Sales,36,895000,4,42.1,66.8,No
EMP0026,Operations,30,870000,5,48.1,77.9,Yes
EMP0027,Sales,33,916000,4,46.9,80.2,No
EMP0028,Finance,30,909000,6,46.9,58.2,No
EMP0029,HR,38,1063000,6,39.0,80.2,No
EMP0030,IT,21,894000,10,56.3,94.2,Yes
EMP0031,Operations,38,1049000,7,48.0,74.5,Yes
EMP0032,IT,41,1003000,6,47.4,68.9,No
EMP0033,IT,44,1190000,2,47.4,67.3,No
EMP0034,Finance,35,1036000,5,45.0,73.3,No
EMP0035,Sales,29,862000,7,41.0,65.1,No
EMP0036,Marketing,33,792000,5,41.4,92.6,No
EMP0037,Finance,31,964000,9,44.5,89.2,Yes
EMP0038,Marketing,39,964000,8,44.1,85.6,Yes
EMP0039,IT,24,1139000,7,39.3,55.2,No
EMP0040,Finance,39,970000,13,48.8,100.0,Yes
EMP0041,IT,27,839000,4,44.1,80.3,No
EMP0042,Operations,23,751000,9,44.5,69.8,No
EMP0043,Sales,37,951000,8,41.0,74.3,Yes
EMP0044,Sales,37,860000,10,47.5,76.7,No
EMP0045,HR,33,898000,4,43.7,68.6,No
EMP0046,IT,25,1025000,6,48.2,69.4,No
EMP0047,IT,21,991000,10,49.1,84.9,Yes
EMP0048,Sales,41,905000,5,50.4,84.9,Yes
EMP0049,Marketing,29,831000,4,42.8,59.4,No
EMP0050,Marketing,29,1014000,8,51.0,80.9,Yes
EMP0051,IT,27,874000,9,44.7,77.7,No
EMP0052,IT,35,949000,4,39.9,63.8,No
EMP0053,Marketing,37,958000,5,39.4,74.7,No
EMP0054,Operations,29,943000,6,40.7,65.1,No
EMP0055,Operations,39,989000,10,40.0,70.5,Yes
EMP0056,Finance,33,793000,7,47.4,77.7,No
EMP0057,Finance,29,920000,8,44.3,69.6,No
EMP0058,HR,35,877000,5,47.7,88.9,No
EMP0059,Marketing,30,756000,7,50.5,71.7,Yes
EMP0060,Sales,45,1225000,7,49.1,93.1,Yes
EMP0061,IT,41,1171000,1,40.9,65.5,No
EMP0062,Operations,44,1130000,9,49.2,88.4,Yes
EMP0063,Finance,48,1127000,9,51.2,80.2,Yes
EMP0064,Operations,25,974000,9,43.8,72.6,Yes
EMP0065,Sales,37,838000,6,45.8,78.5,No
EMP0066,Sales,32,1047000,6,46.0,82.1,Yes
EMP0067,Finance,36,1035000,7,45.7,67.5,Yes
EMP0068,Sales,21,811000,6,38.7,63.8,No
EMP0069,Sales,28,1002000,9,41.6,72.9,Yes
EMP0070,IT,37,1170000,9,43.9,86.8,Yes
EMP0071,Finance,37,910000,11,48.2,93.6,Yes
EMP0072,Operations,21,851000,10,48.4,72.1,Yes
EMP0073,Finance,31,991000,9,50.4,80.9,Yes
EMP0074,Marketing,37,911000,6,48.0,72.7,No
EMP0075,Sales,34,955000,3,38.5,68.0,No
EMP0076,Marketing,42,957000,4,39.8,64.8,No
EMP0077,Operations,21,889000,4,35.7,58.3,No
EMP0078,Marketing,29,846000,6,41.1,62.8,No
EMP0079,Sales,30,789000,7,45.4,84.2,No
EMP0080,Marketing,37,774000,4,49.5,84.6,Yes
EMP0081,HR,32,773000,2,42.7,58.8,No
EMP0082,Sales,25,944000,4,39.5,63.3,No
EMP0083,Marketing,32,869000,6,50.9,64.5,No
EMP0084,Sales,36,897000,7,40.1,81.6,Yes
EMP0085,Marketing,41,1113000,6,44.2,70.8,No
EMP0086,Sales,41,987000,6,36.8,62.6,No
EMP0087,IT,35,1122000,8,39.3,76.9,Yes
EMP0088,Sales,33,815000,4,43.7,63.5,No
EMP0089,Sales,38,1133000,11,50.9,86.8,Yes
EMP0090,Sales,31,915000,5,48.1,63.6,No
EMP0091,Marketing,44,1081000,14,50.9,96.4,Yes
EMP0092,Sales,33,1082000,6,49.4,72.6,No
EMP0093,Operations,29,761000,2,38.1,49.6,No
EMP0094,HR,38,861000,3,40.6,68.7,No
EMP0095,Finance,36,1066000,3,48.7,61.8,No
EMP0096,Operations,22,782000,7,39.1,67.4,No
EMP0097,Operations,36,860000,4,46.0,66.8,No
EMP0098,Operations,40,979000,6,43.5,65.7,Yes
EMP0099,IT,22,997000,10,51.1,85.3,Yes
EMP0100,Sales,26,783000,3,39.8,57.1,No
EMP0101,IT,33,1042000,4,39.5,64.4,Yes
EMP0102,Operations,24,890000,6,42.4,75.1,No
EMP0103,IT,22,927000,3,41.7,65.4,No
EMP0104,Marketing,33,874000,5,46.0,66.1,Yes
EMP0105,Marketing,47,841000,8,41.2,86.2,Yes
EMP0106,IT,34,989000,6,41.9,76.7,No
EMP0107,Sales,31,871000,11,48.3,76.3,Yes
EMP0108,Finance,37,1115000,2,42.0,71.3,Yes
EMP0109,HR,31,663000,3,40.6,63.2,No
EMP0110,Operations,27,705000,12,47.7,73.2,Yes
EMP0111,Marketing,45,824000,8,45.5,73.2,No
EMP0112,Finance,29,820000,10,50.6,85.6,No
EMP0113,IT,42,1238000,11,46.6,93.3,Yes
EMP0114,IT,36,962000,7,35.8,66.5,No
EMP0115,IT,39,1140000,5,39.7,60.8,No
EMP0116,Sales,28,909000,4,44.5,62.0,No
EMP0117,HR,38,1008000,4,37.5,63.6,No
EMP0118,IT,34,967000,7,37.9,78.2,Yes
EMP0119,HR,27,775000,7,47.8,60.5,No
EMP0120,Sales,37,1002000,4,33.8,76.7,No
EMP0121,Sales,45,928000,5,40.0,86.7,Yes
EMP0122,HR,48,934000,1,41.9,76.8,No
EMP0123,Marketing,29,737000,6,43.2,61.8,No
EMP0124,Marketing,37,871000,5,39.4,73.1,No
EMP0125,Sales,32,973000,9,44.0,69.0,Yes
EMP0126,Sales,26,940000,3,52.6,67.9,No
EMP0127,Operations,31,784000,2,47.5,67.1,No
EMP0128,Finance,21,1042000,4,45.5,71.3,Yes
EMP0129,HR,45,819000,5,38.6,59.7,No
EMP0130,HR,48,995000,5,42.7,77.3,No
EMP0131,IT,28,834000,5,46.5,64.1,No
EMP0132,Operations,28,963000,5,45.3,89.9,Yes
EMP0133,Finance,33,1000000,7,52.9,79.1,Yes
EMP0134,Marketing,30,934000,6,43.3,75.9,No
EMP0135,Operations,31,863000,9,49.5,81.8,Yes
EMP0136,Marketing,44,1072000,3,48.0,79.2,No
EMP0137,Finance,42,1059000,5,45.3,57.7,Yes
EMP0138,IT,28,1050000,6,48.8,73.1,Yes
EMP0139,Finance,38,1053000,5,44.2,84.1,Yes
EMP0140,Operations,29,918000,4,42.3,58.8,No
EMP0141,Finance,39,1103000,2,43.3,54.2,No
EMP0142,Sales,41,940000,5,41.8,79.0,No
EMP0143,Finance,22,1006000,4,36.0,72.1,Yes
EMP0144,Marketing,21,866000,8,46.2,67.3,No
EMP0145,Marketing,29,897000,7,43.2,54.4,No
EMP0146,HR,32,898000,3,37.5,67.0,No
EMP0147,Finance,47,1136000,7,44.0,68.4,No
EMP0148,HR,31,776000,8,32.8,56.1,No
EMP0149,IT,33,848000,6,45.0,58.2,No
EMP0150,Marketing,48,1101000,6,37.5,69.9,No
EMP0151,IT,38,1092000,9,37.2,74.6,Yes
EMP0152,Operations,31,1015000,6,36.3,64.8,No
EMP0153,Sales,29,872000,8,51.3,85.1,Yes
EMP0154,Sales,36,960000,7,42.0,80.2,No
EMP0155,Operations,38,950000,6,48.8,75.9,No
EMP0156,Sales,32,837000,3,44.3,61.4,No
EMP0157,Sales,23,955000,7,50.7,81.6,Yes
EMP0158,Finance,26,1061000,6,46.2,77.2,No
EMP0159,IT,33,1011000,10,49.6,94.2,Yes
EMP0160,Operations,28,774000,3,35.0,57.6,No
EMP0161,HR,29,814000,5,43.4,66.7,No
EMP0162,HR,28,890000,5,44.2,54.7,No
EMP0163,Finance,34,1067000,10,43.6,69.4,Yes
EMP0164,Marketing,31,999000,8,51.0,79.0,Yes
EMP0165,Marketing,43,923000,9,43.2,81.6,Yes
EMP0166,HR,32,890000,10,54.2,87.0,Yes
EMP0167,Finance,28,859000,7,52.5,83.7,No
EMP0168,IT,38,1091000,8,48.2,86.7,No
EMP0169,Operations,42,869000,7,41.5,83.9,No
EMP0170,Marketing,33,998000,7,39.5,75.0,No
EMP0171,IT,31,988000,7,46.5,68.5,No
EMP0172,Operations,29,815000,6,41.4,78.7,No
EMP0173,Finance,38,1021000,3,41.7,62.3,No
EMP0174,Marketing,23,762000,9,46.4,71.5,No
EMP0175,IT,21,916000,2,39.2,57.7,Yes
EMP0176,HR,47,871000,6,41.2,82.3,No
EMP0177,Marketing,44,931000,9,51.7,80.7,Yes
EMP0178,HR,29,838000,5,42.4,61.6,No
EMP0179,Finance,43,1089000,4,50.5,79.5,No
EMP0180,Operations,30,892000,4,39.1,61.8,No
EMP0181,Operations,32,889000,5,42.4,65.2,No
EMP0182,IT,32,885000,3,46.4,64.0,No
EMP0183,Sales,37,1024000,9,47.1,79.6,Yes
EMP0184,Sales,45,1076000,7,38.7,77.7,Yes
EMP0185,IT,27,962000,9,46.2,83.4,Yes
EMP0186,IT,32,992000,4,36.3,57.2,No
EMP0187,Sales,38,942000,5,37.8,65.8,No
EMP0188,IT,33,975000,8,38.0,72.7,Yes
EMP0189,Finance,28,740000,11,43.2,71.7,No
EMP0190,Operations,35,808000,3,34.3,59.4,No
EMP0191,Operations,40,1070000,5,40.9,63.1,No
EMP0192,Sales,25,981000,15,48.3,84.1,No
EMP0193,IT,32,1089000,4,44.8,62.9,No
EMP0194,Operations,38,940000,8,50.6,78.5,Yes
EMP0195,IT,30,1066000,9,41.3,75.9,Yes
EMP0196,Finance,30,1066000,5,47.4,70.0,Yes
EMP0197,Sales,39,917000,5,40.7,71.2,No
EMP0198,Marketing,36,919000,5,37.8,58.4,No
EMP0199,Marketing,32,813000,5,40.6,65.1,No
EMP0200,HR,48,967000,6,51.7,87.1,No
EMP0201,Operations,36,1061000,6,49.4,79.4,Yes
EMP0202,Finance,44,1077000,15,51.1,98.7,Yes
EMP0203,Operations,29,887000,6,32.5,57.7,No
EMP0204,Marketing,21,722000,5,46.8,66.7,No
EMP0205,Operations,31,921000,6,44.2,66.9,No
EMP0206,Sales,45,947000,4,50.6,70.3,No
EMP0207,Operations,26,762000,12,46.3,59.1,Yes
EMP0208,Finance,28,949000,4,40.4,59.5,No
EMP0209,IT,25,1072000,7,52.4,74.9,Yes
EMP0210,Sales,40,874000,9,47.5,75.9,Yes
EMP0211,Marketing,26,631000,4,40.2,67.9,No
EMP0212,IT,44,1104000,5,34.5,81.2,No
EMP0213,Finance,31,1002000,8,44.0,74.8,No
EMP0214,IT,29,945000,8,42.3,77.2,Yes
EMP0215,Marketing,28,683000,6,40.6,64.9,No
EMP0216,Finance,32,925000,11,44.7,82.7,Yes
EMP0217,Finance,28,984000,1,36.6,62.6,No
EMP0218,Marketing,46,1052000,3,39.7,63.3,No
EMP0219,IT,30,1179000,8,43.3,84.6,Yes
EMP0220,Operations,21,759000,7,40.6,63.8,No
EMP0221,Finance,54,1248000,3,41.8,82.4,Yes
EMP0222,Finance,28,804000,8,45.1,75.6,No
EMP0223,Sales,35,862000,6,48.9,75.8,No
EMP0224,Operations,33,962000,12,50.6,80.7,Yes
EMP0225,IT,42,1061000,8,39.3,74.8,Yes
EMP0226,Marketing,34,934000,6,53.4,93.2,Yes
EMP0227,Finance,31,1007000,5,49.0,79.3,Yes
EMP0228,Operations,35,936000,7,45.1,77.3,No
EMP0229,Operations,35,887000,4,46.8,62.4,No
EMP0230,Marketing,32,849000,3,48.4,79.8,No
EMP0231,Operations,40,933000,8,46.9,69.8,No
EMP0232,Finance,26,871000,4,36.6,59.1,No
EMP0233,Operations,36,979000,10,44.2,75.0,Yes
EMP0234,Finance,36,968000,5,44.8,65.9,No
EMP0235,Finance,34,1145000,11,47.3,89.6,Yes
EMP0236,Marketing,33,1062000,11,45.9,93.3,Yes
EMP0237,Sales,25,950000,8,45.6,76.5,No
EMP0238,Finance,38,1171000,9,44.8,77.7,No
EMP0239,Sales,38,900000,8,40.9,78.7,No
EMP0240,Sales,31,881000,2,42.9,74.6,Yes
EMP0241,Sales,22,736000,7,47.4,81.0,No
EMP0242,Operations,35,906000,6,38.9,72.5,No
EMP0243,IT,21,1061000,6,43.1,58.9,No
EMP0244,Sales,24,1016000,7,43.7,60.0,No
EMP0245,Operations,21,773000,8,42.9,85.9,No
EMP0246,Operations,39,1054000,5,40.2,65.1,Yes
EMP0247,HR,32,823000,3,38.2,46.5,No
EMP0248,HR,31,881000,4,45.9,76.0,No
EMP0249,Operations,21,716000,10,42.7,70.2,No
EMP0250,Finance,41,1020000,3,37.7,70.8,Yes
EMP0251,IT,26,1011000,12,46.6,83.0,Yes
EMP0252,IT,41,1133000,9,41.8,81.0,Yes
EMP0253,Sales,41,892000,7,39.3,62.1,No
EMP0254,Operations,42,1028000,6,41.8,75.0,Yes
EMP0255,Finance,29,883000,5,46.2,68.0,No
EMP0256,Sales,25,910000,8,44.1,75.6,No
EMP0257,Sales,31,870000,6,40.1,72.9,Yes
EMP0258,Finance,40,966000,5,45.8,80.2,No
EMP0259,Sales,28,710000,8,38.9,72.2,Yes
EMP0260,HR,30,887000,7,42.5,93.2,Yes
EMP0261,Operations,46,901000,7,50.7,82.3,Yes
EMP0262,Finance,21,833000,9,42.3,76.4,No
EMP0263,Sales,30,793000,9,42.7,64.9,No
EMP0264,Operations,28,813000,10,43.0,88.5,Yes
EMP0265,Marketing,47,997000,10,40.2,78.4,Yes
EMP0266,Sales,45,1128000,7,47.8,88.6,Yes
EMP0267,Finance,44,1193000,6,44.0,78.3,Yes
EMP0268,Sales,51,1111000,11,43.2,84.7,Yes
EMP0269,IT,31,1173000,9,35.3,93.6,Yes
EMP0270,Sales,44,885000,7,42.3,75.6,Yes
EMP0271,Finance,25,992000,4,48.2,61.4,No
EMP0272,Finance,39,991000,8,46.4,70.0,Yes
EMP0273,Marketing,34,779000,10,47.6,74.7,No
EMP0274,Sales,25,760000,2,54.5,70.9,No
EMP0275,Operations,40,748000,4,36.0,51.1,No
EMP0276,Marketing,33,931000,4,44.7,65.7,Yes
EMP0277,Marketing,30,815000,7,40.8,69.6,No
EMP0278,Finance,31,1010000,7,43.0,85.8,Yes
EMP0279,IT,46,1112000,3,40.8,70.4,Yes
EMP0280,IT,24,1004000,5,42.6,62.9,No
EMP0281,Finance,41,1193000,7,53.9,86.9,Yes
EMP0282,Sales,38,1008000,7,36.6,77.6,Yes
EMP0283,Operations,40,1081000,5,52.2,75.2,No
EMP0284,Operations,34,751000,7,48.4,72.2,Yes
EMP0285,Operations,21,709000,4,48.8,57.6,No
EMP0286,Operations,42,1035000,5,41.6,66.8,No
EMP0287,Operations,21,770000,6,40.1,53.8,No
EMP0288,IT,27,973000,8,47.0,63.3,No
EMP0289,Operations,28,1018000,4,46.3,78.8,No
EMP0290,HR,31,848000,5,42.1,56.7,No
EMP0291,Finance,35,1140000,7,42.1,78.5,No
EMP0292,Finance,43,1074000,7,51.7,68.3,Yes
EMP0293,Operations,28,803000,6,43.9,66.7,Yes
EMP0294,Sales,30,843000,9,43.5,78.6,Yes
EMP0295,Sales,34,834000,10,45.5,83.0,Yes
EMP0296,IT,21,774000,3,41.8,61.5,Yes
EMP0297,HR,26,886000,4,43.7,62.2,No
EMP0298,Sales,28,1003000,8,39.0,68.0,No
EMP0299,Operations,32,812000,4,41.5,66.8,No
EMP0300,Finance,28,810000,2,49.1,62.7,No
EMP0301,Operations,30,727000,9,42.4,71.5,No
EMP0302,Marketing,32,827000,2,44.1,52.2,No
EMP0303,Operations,21,858000,4,47.4,63.7,No
EMP0304,Sales,53,1327000,4,36.9,67.9,Yes
EMP0305,Operations,46,1004000,7,42.1,70.8,No
EMP0306,IT,45,1162000,4,37.7,76.7,No
EMP0307,Sales,41,987000,12,42.1,74.9,Yes
EMP0308,Finance,33,995000,9,46.6,87.6,Yes
EMP0309,HR,37,808000,5,46.0,74.7,No
EMP0310,Marketing,32,930000,7,46.2,80.1,No
EMP0311,Operations,35,983000,7,48.5,79.0,No
EMP0312,IT,21,823000,9,43.4,84.0,Yes
EMP0313,IT,40,1118000,10,45.3,88.3,Yes
EMP0314,Finance,39,1071000,11,42.9,90.3,Yes
EMP0315,Operations,36,908000,7,41.0,74.2,No
EMP0316,Operations,34,950000,8,47.5,71.8,No
EMP0317,Marketing,31,914000,7,48.0,77.2,No
EMP0318,IT,37,1092000,5,49.3,84.2,Yes
EMP0319,IT,32,1038000,8,36.8,71.3,Yes
EMP0320,IT,33,1025000,9,41.1,73.9,Yes
EMP0321,Operations,28,882000,7,47.1,72.2,No
EMP0322,Sales,34,909000,4,45.7,79.8,Yes
EMP0323,HR,29,722000,4,48.1,73.3,Yes
EMP0324,HR,41,788000,8,46.8,73.0,No
EMP0325,HR,25,609000,5,40.6,63.8,No
EMP0326,Sales,38,825000,8,51.2,80.6,Yes
EMP0327,Operations,31,879000,9,52.9,81.4,No
EMP0328,Sales,27,843000,3,43.5,66.0,No
EMP0329,Marketing,30,989000,5,40.8,78.4,No
EMP0330,Marketing,35,988000,3,44.6,69.1,No
EMP0331,Marketing,21,831000,10,43.2,66.3,No
EMP0332,Finance,32,968000,5,48.5,80.1,Yes
EMP0333,Finance,35,910000,5,41.9,69.1,No
EMP0334,HR,23,819000,6,40.8,70.0,No
EMP0335,IT,32,1067000,6,48.4,79.6,No
EMP0336,IT,40,1058000,4,55.9,71.4,Yes
EMP0337,Sales,44,1182000,8,47.3,94.6,Yes
EMP0338,Operations,31,896000,2,36.9,62.4,No
EMP0339,Finance,28,965000,10,47.7,76.8,Yes
EMP0340,Finance,39,1054000,4,43.6,79.3,Yes
EMP0341,Operations,33,1019000,5,45.9,72.1,No
EMP0342,HR,37,857000,7,45.2,75.4,No
EMP0343,Operations,34,1017000,7,38.4,64.0,No
EMP0344,Sales,24,949000,4,43.4,75.7,No
EMP0345,IT,47,1072000,13,47.1,80.4,Yes
EMP0346,Operations,28,826000,9,38.8,77.0,No
EMP0347,HR,29,808000,5,31.5,53.2,No
EMP0348,HR,28,711000,0,41.6,54.3,No
EMP0349,Finance,47,1231000,4,41.2,68.3,No
EMP0350,IT,31,1157000,4,48.2,75.8,No
EMP0351,Sales,32,1012000,6,42.8,77.3,No
EMP0352,IT,30,890000,8,42.5,81.3,Yes
EMP0353,Sales,29,990000,7,51.0,89.1,Yes
EMP0354,HR,34,847000,2,40.3,50.3,No
EMP0355,Marketing,39,957000,5,36.0,52.3,No
EMP0356,Operations,46,1013000,7,42.5,75.5,Yes
EMP0357,Finance,43,1012000,4,45.8,68.8,No
EMP0358,Sales,44,1026000,8,33.1,74.6,No
EMP0359,Finance,28,1041000,4,41.6,76.6,Yes
EMP0360,Operations,31,790000,8,41.3,72.2,Yes
EMP0361,Sales,29,954000,5,50.0,76.9,No
EMP0362,Finance,35,982000,11,47.1,86.7,Yes
EMP0363,IT,21,987000,1,42.4,60.2,No
EMP0364,Sales,34,854000,7,38.6,81.2,No
EMP0365,Finance,36,1012000,9,34.5,77.7,Yes
EMP0366,Operations,52,1162000,11,44.5,89.5,No
EMP0367,HR,27,755000,8,41.9,72.2,No
EMP0368,Finance,28,1004000,8,44.5,70.0,No
EMP0369,HR,21,780000,5,49.9,69.1,No
EMP0370,Marketing,28,909000,8,36.2,73.0,No
EMP0371,Operations,21,838000,10,43.2,58.4,No
EMP0372,Finance,42,1036000,4,36.0,62.5,No
EMP0373,Sales,45,919000,5,45.8,72.8,No
EMP0374,Marketing,37,927000,8,54.0,82.5,Yes
EMP0375,Sales,34,964000,1,45.2,62.4,No
EMP0376,Finance,32,957000,7,46.6,81.8,Yes
EMP0377,HR,31,729000,4,43.8,73.5,No
EMP0378,IT,30,974000,8,42.7,89.0,Yes
EMP0379,HR,26,781000,7,43.9,72.4,No
EMP0380,Finance,44,1203000,8,42.1,74.7,No
EMP0381,Marketing,22,898000,10,50.1,81.6,Yes
EMP0382,Sales,29,800000,6,33.4,60.0,Yes
EMP0383,IT,42,1040000,2,37.9,63.8,No
EMP0384,IT,31,1060000,8,47.4,78.3,Yes
EMP0385,Sales,39,907000,10,36.3,69.5,No
EMP0386,HR,26,804000,7,49.1,71.4,No
EMP0387,Marketing,37,888000,5,34.0,58.2,No
EMP0388,Operations,39,996000,6,44.6,75.5,Yes
EMP0389,Sales,44,1027000,11,46.3,100.0,Yes
EMP0390,IT,29,995000,7,45.2,70.1,No
EMP0391,Marketing,32,910000,3,46.7,74.8,No
EMP0392,IT,32,1034000,5,41.3,72.5,No
EMP0393,Finance,34,1227000,9,44.2,76.8,Yes
EMP0394,Operations,43,941000,6,40.2,64.0,Yes
EMP0395,Sales,28,927000,5,40.5,66.1,No
EMP0396,HR,42,890000,9,52.4,78.3,No
EMP0397,IT,36,1038000,6,42.8,72.8,No
EMP0398,HR,38,887000,1,39.6,56.4,No
EMP0399,Marketing,46,1042000,4,52.6,80.9,Yes
EMP0400,Marketing,34,940000,7,41.6,82.9,Yes
EMP0401,Sales,33,831000,10,45.0,88.8,No
EMP0402,Marketing,31,906000,6,49.5,63.1,No
EMP0403,Marketing,30,1098000,10,41.8,74.8,Yes
EMP0404,Sales,28,813000,9,44.8,76.2,Yes
EMP0405,Operations,34,939000,2,37.0,68.4,No
EMP0406,Operations,41,819000,5,45.3,74.8,No
EMP0407,Marketing,25,838000,5,42.2,64.5,No
EMP0408,Sales,30,873000,10,52.1,98.1,Yes
EMP0409,Finance,40,1051000,7,48.7,78.6,No
EMP0410,IT,36,1103000,8,48.6,76.5,Yes
EMP0411,Sales,28,919000,7,45.2,75.9,No
EMP0412,Sales,34,798000,6,43.6,83.2,No
EMP0413,Operations,46,848000,6,50.2,77.9,No
EMP0414,Operations,22,922000,1,37.9,56.3,No
EMP0415,IT,44,1220000,9,48.4,81.6,Yes
EMP0416,Marketing,36,937000,7,43.8,76.3,No
EMP0417,Finance,25,960000,9,45.1,70.1,Yes
EMP0418,Marketing,35,961000,9,35.4,64.6,No
EMP0419,IT,44,881000,6,44.4,85.2,Yes
EMP0420,IT,32,1158000,8,32.6,71.4,No
EMP0421,Finance,22,937000,8,41.1,67.0,No
EMP0422,HR,23,855000,3,42.5,57.0,No
EMP0423,Operations,40,1044000,7,45.9,79.0,No
EMP0424,HR,46,988000,4,41.6,66.0,No
EMP0425,Sales,33,902000,10,53.0,90.5,Yes
EMP0426,Sales,37,836000,7,46.4,77.6,Yes
EMP0427,Finance,33,952000,8,46.1,66.1,No
EMP0428,Finance,54,1144000,12,52.2,91.7,Yes
EMP0429,Sales,33,666000,8,54.5,84.7,No
EMP0430,HR,31,634000,5,39.3,74.8,No
EMP0431,HR,33,1094000,5,46.3,68.9,No
EMP0432,HR,30,810000,5,43.5,68.3,No
EMP0433,Sales,24,937000,8,40.6,70.7,No
EMP0434,Sales,32,965000,2,38.9,66.9,No
EMP0435,Operations,25,866000,5,41.9,57.2,No
EMP0436,IT,32,1162000,5,34.6,66.1,Yes
EMP0437,Finance,35,1005000,8,46.9,84.2,Yes
EMP0438,Sales,34,983000,2,43.8,69.7,No
EMP0439,Marketing,21,807000,4,50.0,67.0,No
EMP0440,Sales,27,1149000,8,47.4,79.6,Yes
EMP0441,HR,47,1175000,5,45.1,79.0,Yes
EMP0442,Sales,40,1089000,6,45.4,72.7,Yes
EMP0443,HR,21,682000,3,42.0,64.0,No
EMP0444,Sales,45,1054000,6,43.9,74.9,No
EMP0445,HR,38,903000,8,40.1,73.3,Yes
EMP0446,Marketing,38,821000,4,38.9,60.8,No
EMP0447,Marketing,26,930000,8,50.6,81.7,Yes
EMP0448,Operations,40,999000,5,49.5,76.9,No
EMP0449,Marketing,25,842000,7,46.6,80.2,Yes
EMP0450,IT,28,1101000,11,43.5,76.2,No
EMP0451,IT,43,1139000,7,44.2,77.7,Yes
EMP0452,Operations,26,844000,9,40.1,57.2,No
EMP0453,Operations,26,784000,1,49.2,53.8,No
EMP0454,Sales,36,943000,5,47.5,76.1,Yes
EMP0455,Sales,31,917000,7,47.1,72.8,No
EMP0456,Sales,21,994000,10,44.0,69.3,No
EMP0457,IT,32,891000,11,57.1,84.2,Yes
EMP0458,IT,37,978000,9,47.4,91.9,Yes
EMP0459,Marketing,38,866000,7,49.7,83.0,Yes
EMP0460,Sales,30,939000,2,42.9,53.9,No
EMP0461,Finance,27,984000,8,59.2,85.0,Yes
EMP0462,Sales,38,1018000,7,50.2,79.8,Yes
EMP0463,Finance,36,919000,3,37.3,58.3,No
EMP0464,Sales,29,1006000,7,49.6,75.2,No
EMP0465,IT,36,1106000,4,38.3,64.9,No
EMP0466,Sales,25,999000,12,43.9,76.9,Yes
EMP0467,IT,29,1140000,5,36.6,70.6,No
EMP0468,Operations,21,687000,4,38.1,46.8,No
EMP0469,Operations,31,745000,2,40.6,61.8,No
EMP0470,Finance,40,1164000,8,49.4,87.4,Yes
EMP0471,Finance,40,1055000,6,45.1,70.8,No
EMP0472,Finance,21,945000,8,46.4,75.2,No
EMP0473,IT,40,1078000,7,41.0,70.3,No
EMP0474,Operations,39,950000,9,42.8,76.6,No
EMP0475,Operations,45,1053000,8,41.8,80.2,Yes
EMP0476,Finance,39,1057000,12,40.1,89.6,Yes
EMP0477,Operations,40,977000,4,47.8,89.4,Yes
EMP0478,Finance,26,1016000,4,36.4,58.4,No
EMP0479,Operations,39,944000,6,46.6,83.1,Yes
EMP0480,Operations,21,647000,5,39.2,53.9,No
EMP0481,Sales,35,954000,9,50.4,94.6,Yes
EMP0482,Sales,27,916000,14,49.2,91.7,No
EMP0483,Finance,41,973000,4,43.1,86.6,No
EMP0484,Operations,40,892000,6,42.8,73.6,No
EMP0485,IT,37,1056000,5,45.1,79.1,Yes
EMP0486,Operations,28,760000,4,51.3,68.6,No
EMP0487,Operations,33,807000,7,48.7,78.9,Yes
EMP0488,HR,30,777000,4,38.6,57.8,No
EMP0489,IT,33,1005000,7,42.5,78.1,Yes
EMP0490,IT,37,1083000,6,39.3,65.0,No
EMP0491,IT,41,955000,2,39.2,70.1,No
EMP0492,Marketing,39,916000,5,42.8,73.3,Yes
EMP0493,Operations,21,777000,3,37.3,49.9,No
EMP0494,Sales,33,867000,4,46.9,75.2,Yes
EMP0495,HR,31,891000,5,41.7,71.0,Yes
EMP0496,Sales,30,1032000,5,47.8,72.0,No
EMP0497,Finance,27,878000,4,37.0,64.3,No
EMP0498,Operations,39,973000,5,39.4,64.5,No
EMP0499,Operations,30,933000,9,48.5,74.3,No
EMP0500,Sales,26,856000,15,40.6,90.0,Yes
EMP0501,IT,37,969000,12,50.8,88.9,Yes
EMP0502,HR,40,872000,7,34.9,72.2,No
EMP0503,Finance,33,1137000,2,45.5,61.0,No
EMP0504,IT,35,1108000,7,53.1,90.8,Yes
EMP0505,Marketing,40,1165000,6,35.3,63.2,Yes
EMP0506,IT,27,955000,6,45.1,75.0,No
EMP0507,Sales,35,1003000,4,37.7,50.3,No
EMP0508,Finance,44,1083000,7,48.8,76.4,No
EMP0509,Finance,31,962000,5,49.3,71.7,Yes
EMP0510,Operations,33,737000,3,43.7,64.0,No
EMP0511,HR,29,940000,7,43.3,73.5,Yes
EMP0512,Operations,34,936000,8,43.3,91.1,No
EMP0513,Operations,40,945000,7,53.7,87.3,Yes
EMP0514,HR,34,1016000,6,49.7,80.9,Yes
EMP0515,Finance,38,1104000,7,48.3,79.0,Yes
EMP0516,HR,35,769000,4,37.8,72.4,No
EMP0517,Operations,39,891000,5,47.1,64.9,No
EMP0518,HR,36,859000,7,49.9,81.4,Yes
EMP0519,Finance,28,870000,6,49.1,71.9,Yes
EMP0520,Finance,32,1122000,10,45.1,62.7,No
EMP0521,HR,24,667000,6,42.5,63.4,No
EMP0522,Marketing,28,935000,11,42.1,76.3,Yes
EMP0523,IT,36,1119000,6,47.0,68.7,Yes
EMP0524,Operations,31,966000,4,39.4,66.6,Yes
EMP0525,Finance,25,841000,9,46.5,74.3,No
EMP0526,Finance,29,744000,5,48.5,80.3,No
EMP0527,HR,40,1018000,3,49.6,66.3,No
EMP0528,IT,39,1019000,6,48.6,74.9,Yes
EMP0529,Sales,33,905000,7,48.0,77.8,No
EMP0530,Operations,43,1053000,2,45.1,63.0,Yes
EMP0531,Sales,38,1119000,8,42.5,79.9,Yes
EMP0532,Operations,33,835000,6,56.9,76.9,No
EMP0533,Sales,21,806000,8,45.5,68.5,Yes
EMP0534,Sales,32,1035000,11,42.6,77.9,Yes
EMP0535,Operations,42,958000,6,41.4,69.8,Yes
EMP0536,Marketing,43,1101000,5,43.1,74.5,No
EMP0537,Sales,30,1049000,3,35.2,69.3,Yes
EMP0538,IT,25,826000,11,50.2,90.6,No
EMP0539,Operations,39,890000,7,33.1,60.8,No
EMP0540,Finance,30,933000,6,40.3,61.1,Yes
EMP0541,IT,26,1092000,3,44.9,63.1,Yes
EMP0542,Operations,36,948000,4,45.5,64.4,No
EMP0543,Finance,42,1151000,8,41.1,70.3,Yes
EMP0544,Finance,35,939000,3,57.6,83.3,No
EMP0545,IT,41,1118000,4,44.8,77.6,No
EMP0546,Sales,29,783000,8,44.9,74.9,Yes
EMP0547,Finance,46,1177000,5,42.5,68.8,Yes
EMP0548,Operations,45,937000,7,45.3,76.2,Yes
EMP0549,Operations,23,758000,7,39.8,70.9,No
EMP0550,Finance,30,1015000,4,43.0,72.4,No
EMP0551,Finance,31,979000,8,42.8,69.7,Yes
EMP0552,HR,39,849000,8,38.5,63.7,No
EMP0553,HR,34,800000,3,56.4,73.2,No
EMP0554,Marketing,21,786000,4,39.9,65.5,No
EMP0555,Operations,31,784000,7,54.6,72.2,No
EMP0556,Sales,30,791000,10,42.3,60.2,No
EMP0557,Sales,36,993000,7,40.1,74.7,No
EMP0558,Operations,37,1001000,7,46.7,72.8,No
EMP0559,IT,30,853000,7,42.4,69.1,No
EMP0560,IT,33,1054000,6,40.3,57.2,No
EMP0561,Marketing,32,812000,4,46.4,68.0,No
EMP0562,Marketing,25,855000,5,40.7,77.1,No
EMP0563,Marketing,43,1051000,10,50.3,90.6,Yes
EMP0564,HR,37,850000,4,47.2,61.6,No
EMP0565,Finance,22,783000,2,48.7,79.5,No
EMP0566,Finance,31,943000,6,38.6,64.5,Yes
EMP0567,IT,21,784000,8,41.2,63.9,No
EMP0568,Operations,21,779000,9,45.7,70.6,No
EMP0569,Operations,22,852000,10,52.6,71.0,No
EMP0570,Operations,43,1005000,8,42.2,70.2,No
EMP0571,Finance,57,1235000,6,41.9,86.1,Yes
EMP0572,Marketing,35,893000,7,40.2,81.5,No
EMP0573,Finance,25,1026000,4,31.8,58.2,No
EMP0574,HR,25,773000,6,40.6,66.1,No
EMP0575,Sales,44,1238000,5,41.1,75.9,Yes
EMP0576,Sales,37,970000,4,42.9,60.7,No
EMP0577,Finance,36,1069000,4,48.2,81.6,No
EMP0578,Marketing,35,907000,11,38.2,83.3,No
EMP0579,HR,31,746000,5,37.4,74.7,No
EMP0580,Finance,38,1022000,7,50.5,81.6,No
EMP0581,Sales,45,1107000,11,48.0,92.1,Yes
EMP0582,HR,36,886000,9,49.4,90.7,Yes
EMP0583,Sales,35,864000,3,47.0,65.8,No
EMP0584,Finance,29,903000,7,44.9,62.4,No
EMP0585,IT,23,899000,7,52.3,70.1,No
EMP0586,HR,36,962000,4,44.7,60.7,No
EMP0587,IT,24,689000,3,37.7,47.9,No
EMP0588,Finance,33,1078000,2,42.7,61.7,No
EMP0589,Sales,21,757000,4,39.1,57.3,No
EMP0590,Sales,32,873000,8,47.3,72.3,No
EMP0591,IT,31,943000,4,39.0,73.5,Yes
EMP0592,IT,35,1256000,6,40.8,74.9,Yes
EMP0593,Sales,33,827000,1,46.5,71.1,No
EMP0594,Marketing,43,1056000,2,36.6,56.0,No
EMP0595,IT,42,1141000,5,52.9,74.6,No
EMP0596,Sales,47,1163000,6,46.7,82.6,Yes
EMP0597,HR,40,864000,6,43.2,69.9,No
EMP0598,Sales,31,962000,7,41.3,81.3,No
EMP0599,HR,37,932000,5,40.6,64.8,Yes
EMP0600,Marketing,48,1213000,10,50.4,90.7,Yes
EMP0601,Marketing,35,951000,5,41.6,55.7,No
EMP0602,HR,28,800000,5,42.4,71.8,No
EMP0603,Sales,33,808000,6,44.5,77.3,Yes
EMP0604,Marketing,41,1078000,4,40.5,64.0,No
EMP0605,Sales,28,1000000,9,38.9,73.0,No
EMP0606,IT,35,1139000,6,46.1,75.7,No
EMP0607,Operations,38,898000,3,42.4,76.2,No
EMP0608,Finance,31,825000,12,45.2,87.3,Yes
EMP0609,Finance,29,1036000,7,35.8,74.3,Yes
EMP0610,Sales,40,866000,13,48.8,85.3,No
EMP0611,Operations,50,884000,6,47.4,81.9,Yes
EMP0612,Sales,30,905000,10,44.0,82.4,Yes
EMP0613,IT,41,1000000,8,50.4,90.5,No
EMP0614,IT,26,945000,9,44.3,72.1,Yes
EMP0615,Sales,31,874000,6,43.8,73.6,No
EMP0616,Sales,41,911000,8,40.1,87.9,Yes
EMP0617,Marketing,37,986000,9,31.7,77.5,Yes
EMP0618,IT,32,976000,15,40.0,89.2,Yes
EMP0619,HR,40,896000,5,45.2,62.2,No
EMP0620,HR,28,824000,9,41.0,66.2,No
EMP0621,IT,31,1175000,5,50.3,78.1,No
EMP0622,IT,35,1052000,3,43.9,62.6,No
EMP0623,Sales,29,965000,10,33.9,51.9,No
EMP0624,IT,25,1018000,6,48.4,76.0,No
EMP0625,Marketing,44,1062000,5,46.8,73.5,No
EMP0626,Finance,32,901000,7,56.5,82.9,No
EMP0627,HR,27,797000,4,48.1,66.2,No
EMP0628,Operations,37,848000,4,37.4,51.5,No
EMP0629,IT,33,1046000,5,48.1,76.2,Yes
EMP0630,Finance,21,955000,5,45.5,66.6,No
EMP0631,Marketing,23,882000,9,53.7,67.9,No
EMP0632,IT,35,1035000,7,35.8,75.6,No
EMP0633,IT,46,1126000,7,48.3,87.3,Yes
EMP0634,HR,28,782000,5,38.6,58.4,No
EMP0635,Sales,32,952000,6,37.5,64.4,No
EMP0636,Finance,27,1018000,6,43.3,75.0,No
EMP0637,Operations,32,935000,4,38.2,64.1,No
EMP0638,Finance,36,962000,5,40.8,67.5,No
EMP0639,IT,45,1077000,5,37.7,83.5,Yes
EMP0640,Finance,21,769000,6,50.4,79.3,No
EMP0641,Sales,40,994000,5,47.5,65.4,No
EMP0642,Sales,38,965000,5,38.1,54.4,Yes
EMP0643,Finance,24,1034000,6,43.7,68.2,Yes
EMP0644,Operations,34,978000,7,47.6,69.2,Yes
EMP0645,Operations,34,862000,6,37.8,68.0,No
EMP0646,IT,36,1143000,8,44.1,79.3,Yes
EMP0647,Finance,48,1070000,8,51.4,91.4,No
EMP0648,Sales,47,1057000,3,40.7,76.4,No
EMP0649,Finance,36,1014000,3,44.5,72.2,No
EMP0650,Marketing,30,982000,1,49.4,68.8,No
EMP0651,Sales,21,737000,8,43.3,68.3,No
EMP0652,Sales,37,913000,4,46.1,72.8,No
EMP0653,Operations,34,676000,6,44.6,68.6,No
EMP0654,Operations,41,1081000,4,42.9,73.3,No
EMP0655,Finance,42,1167000,4,58.3,98.2,Yes
EMP0656,Operations,31,948000,6,45.2,72.4,Yes
EMP0657,Marketing,33,963000,5,45.9,67.1,No
EMP0658,IT,21,904000,8,49.3,73.6,Yes
EMP0659,Operations,29,783000,9,54.1,76.6,No
EMP0660,HR,35,879000,4,42.4,61.3,No
EMP0661,HR,38,1020000,2,43.8,68.9,No
EMP0662,Marketing,32,830000,6,39.5,74.2,No
EMP0663,Marketing,40,1053000,9,42.6,86.5,Yes
EMP0664,Finance,44,1054000,2,42.3,66.2,No
EMP0665,Operations,41,820000,8,44.1,75.0,No
EMP0666,Sales,37,788000,3,46.0,86.0,No
EMP0667,Operations,29,739000,3,46.5,64.1,No
EMP0668,HR,44,876000,11,49.1,87.7,Yes
EMP0669,Sales,32,907000,5,48.8,60.5,No
EMP0670,Operations,35,860000,9,43.9,82.4,Yes
EMP0671,Sales,31,770000,10,42.2,76.7,Yes
EMP0672,Sales,39,1120000,12,47.0,83.6,Yes
EMP0673,IT,31,991000,7,44.3,76.6,No
EMP0674,Operations,42,1004000,3,44.1,70.8,No
EMP0675,HR,29,794000,1,44.1,49.0,No
EMP0676,IT,35,1038000,9,48.2,96.3,Yes
EMP0677,Sales,27,754000,9,43.9,70.6,Yes
EMP0678,IT,39,1262000,7,40.1,74.2,Yes
EMP0679,IT,44,1120000,8,40.0,78.6,Yes
EMP0680,Marketing,41,1126000,1,44.0,65.1,Yes
EMP0681,IT,29,1008000,5,44.9,64.2,No
EMP0682,IT,39,1129000,5,53.0,85.6,Yes
EMP0683,IT,39,1225000,12,47.0,87.0,Yes
EMP0684,Sales,30,979000,11,49.5,89.2,Yes
EMP0685,Marketing,38,1010000,5,46.7,74.3,No
EMP0686,IT,40,1275000,11,49.2,95.7,Yes
EMP0687,HR,30,807000,8,42.2,61.3,Yes
EMP0688,HR,23,624000,5,43.2,73.9,No
EMP0689,Finance,26,1014000,4,40.8,74.3,Yes
EMP0690,IT,43,1007000,8,33.3,80.1,Yes
EMP0691,Sales,21,873000,7,48.7,70.8,No
EMP0692,Operations,33,874000,3,48.2,69.0,No
EMP0693,IT,32,1139000,2,47.5,75.4,Yes
EMP0694,IT,37,1009000,5,43.3,83.9,Yes
EMP0695,Sales,43,1155000,8,34.9,71.1,No
EMP0696,IT,37,1126000,10,46.3,76.9,Yes
EMP0697,Operations,40,865000,6,41.5,75.9,No
EMP0698,IT,30,799000,8,45.8,82.7,No
EMP0699,Sales,42,1030000,8,49.0,86.6,Yes
EMP0700,Finance,37,1041000,4,43.3,77.5,Yes
EMP0701,HR,40,912000,5,45.0,75.5,No
EMP0702,IT,24,839000,5,39.8,72.5,No
EMP0703,IT,36,1146000,9,40.0,80.8,Yes
EMP0704,Finance,36,1078000,10,43.1,78.9,No
EMP0705,Sales,33,806000,11,53.2,84.8,Yes
EMP0706,HR,47,1067000,1,45.3,73.8,No
EMP0707,HR,25,869000,9,40.4,73.7,Yes
EMP0708,IT,39,1170000,6,50.4,75.7,No
EMP0709,HR,47,887000,6,45.9,67.0,No
EMP0710,Finance,39,1080000,11,48.3,93.7,Yes
EMP0711,HR,32,585000,9,36.7,75.1,Yes
EMP0712,Operations,36,820000,5,43.3,70.5,No
EMP0713,IT,43,965000,6,51.1,89.5,No
EMP0714,Operations,21,650000,1,36.7,64.5,No
EMP0715,Marketing,29,882000,5,44.8,62.3,No
EMP0716,Operations,43,992000,6,43.4,77.3,Yes
EMP0717,Marketing,37,956000,8,44.9,84.8,No
EMP0718,Operations,33,953000,4,42.1,74.3,No
EMP0719,IT,34,1098000,3,31.0,61.6,No
EMP0720,Marketing,35,892000,5,42.7,77.1,No
EMP0721,Marketing,57,1312000,12,44.9,86.5,Yes
EMP0722,IT,35,1204000,8,55.5,81.9,Yes
EMP0723,Operations,26,730000,8,43.6,78.3,No
EMP0724,IT,36,930000,6,36.8,79.1,No
EMP0725,Operations,31,772000,6,43.1,70.9,Yes
EMP0726,HR,33,915000,4,44.8,75.5,No
EMP0727,HR,30,693000,9,46.3,71.4,No
EMP0728,Sales,32,980000,9,52.2,71.2,No
EMP0729,Operations,27,907000,4,37.0,57.2,No
EMP0730,Marketing,32,902000,6,43.5,71.3,No
EMP0731,IT,43,1220000,4,53.4,80.2,Yes
EMP0732,Marketing,33,877000,6,42.4,66.6,No
EMP0733,Operations,44,1019000,3,34.5,71.5,No
EMP0734,Marketing,27,948000,8,44.6,81.4,No
EMP0735,Sales,31,991000,10,47.5,81.2,Yes
EMP0736,Operations,29,917000,5,42.7,64.8,No
EMP0737,Finance,40,1068000,11,47.9,86.4,No
EMP0738,Finance,33,1086000,4,36.5,73.7,No
EMP0739,Finance,33,903000,5,40.9,64.2,No
EMP0740,IT,37,1044000,5,49.5,74.6,No
EMP0741,Marketing,37,762000,8,57.8,89.5,Yes
EMP0742,Marketing,48,890000,8,41.5,69.6,Yes
EMP0743,IT,28,987000,8,38.7,71.5,No
EMP0744,Sales,27,1014000,8,41.5,62.1,Yes
EMP0745,IT,30,895000,6,42.8,65.7,No
EMP0746,Sales,35,969000,2,37.6,52.2,No
EMP0747,Marketing,32,1015000,6,45.5,70.9,No
EMP0748,HR,30,867000,8,44.0,70.9,No
EMP0749,Sales,43,968000,7,43.3,76.6,Yes
EMP0750,Sales,21,827000,7,45.6,80.1,No
EMP0751,Sales,52,1007000,12,47.2,89.5,Yes
EMP0752,Marketing,21,770000,7,41.3,62.0,No
EMP0753,Finance,40,1049000,7,47.9,82.3,No
EMP0754,Operations,35,883000,6,49.6,71.6,No
EMP0755,Operations,47,1000000,6,42.5,75.8,Yes
EMP0756,IT,22,896000,12,40.1,87.6,Yes
EMP0757,Marketing,44,998000,5,49.2,82.1,Yes
EMP0758,Marketing,56,1081000,5,40.4,73.3,No
EMP0759,Marketing,44,1000000,2,45.4,67.9,No
EMP0760,Sales,27,908000,8,43.9,88.6,Yes
EMP0761,Operations,40,911000,1,41.3,75.2,No
EMP0762,Operations,30,751000,8,46.7,71.0,Yes
EMP0763,IT,38,1121000,7,42.0,84.2,Yes
EMP0764,Marketing,41,894000,2,55.0,87.9,Yes
EMP0765,Finance,45,1083000,6,49.3,89.3,Yes
EMP0766,Marketing,32,726000,10,50.6,82.3,Yes
EMP0767,IT,26,1030000,9,43.7,85.2,Yes
EMP0768,Finance,38,1059000,6,36.4,52.1,No
EMP0769,Marketing,25,994000,7,44.1,61.4,No
EMP0770,Marketing,43,903000,6,44.0,68.8,No
EMP0771,Finance,35,917000,7,42.9,79.7,No
EMP0772,IT,31,1220000,6,41.7,80.1,Yes
EMP0773,Sales,38,886000,6,49.1,81.3,Yes
EMP0774,Sales,28,952000,6,49.0,82.9,No
EMP0775,IT,33,1229000,1,52.8,74.7,No
EMP0776,Finance,57,1186000,5,40.9,68.7,Yes
EMP0777,HR,40,893000,7,46.5,70.3,No
EMP0778,IT,40,1218000,4,35.3,75.5,No
EMP0779,Finance,36,960000,6,34.4,78.9,No
EMP0780,IT,38,1161000,2,45.3,75.3,No
EMP0781,Operations,21,734000,4,38.3,58.8,No
EMP0782,Finance,36,1142000,8,37.8,74.5,Yes
EMP0783,IT,41,1264000,4,46.7,79.7,Yes
EMP0784,Sales,37,1032000,8,46.1,84.9,No
EMP0785,IT,28,956000,8,45.5,76.8,Yes
EMP0786,Operations,43,1018000,5,35.0,68.4,No
EMP0787,HR,28,751000,0,45.6,66.5,No
EMP0788,Marketing,32,689000,13,54.5,79.8,Yes
EMP0789,IT,39,1071000,7,45.5,68.9,No
EMP0790,Finance,22,897000,4,48.8,72.5,No
EMP0791,Sales,22,904000,7,48.4,64.6,No
EMP0792,Marketing,32,844000,4,38.5,74.8,No
EMP0793,Operations,40,781000,8,47.1,75.4,No
EMP0794,Operations,38,1017000,7,30.0,66.6,No
EMP0795,Sales,37,844000,9,51.4,79.4,No
EMP0796,IT,30,1053000,10,54.4,95.0,Yes
EMP0797,IT,28,1043000,5,45.9,71.5,Yes
EMP0798,Finance,43,1022000,5,38.8,78.0,Yes
EMP0799,Sales,42,746000,7,48.4,77.4,No
EMP0800,Sales,23,939000,4,45.2,67.3,No
EMP0801,IT,23,935000,10,46.0,79.0,Yes
EMP0802,IT,36,1019000,12,46.5,94.8,Yes
EMP0803,Operations,36,844000,7,49.7,77.9,No
EMP0804,Operations,33,870000,7,42.7,68.4,Yes
EMP0805,Sales,42,994000,3,46.6,71.2,No
EMP0806,Finance,26,973000,5,37.4,67.9,No
EMP0807,Marketing,29,966000,7,44.3,82.9,Yes
EMP0808,Finance,33,982000,6,41.5,73.6,No
EMP0809,IT,32,1094000,9,45.3,90.1,Yes
EMP0810,IT,21,1147000,12,50.7,82.1,Yes
EMP0811,IT,43,1102000,5,44.3,71.6,Yes
EMP0812,Marketing,24,818000,11,50.6,77.7,Yes
EMP0813,Marketing,43,981000,5,48.3,73.9,Yes
EMP0814,IT,55,1360000,6,37.9,63.7,No
EMP0815,HR,42,1023000,3,40.3,60.2,No
EMP0816,Sales,40,1074000,7,45.5,80.1,No
EMP0817,Marketing,54,1050000,5,53.6,77.4,Yes
EMP0818,Finance,32,1080000,9,46.5,63.8,No
EMP0819,Finance,39,1060000,7,46.4,67.7,No
EMP0820,Finance,45,1152000,10,40.8,92.5,Yes
EMP0821,IT,43,1015000,6,41.1,67.4,No
EMP0822,Marketing,27,938000,5,47.7,67.4,No
EMP0823,HR,42,845000,3,43.3,61.0,No
EMP0824,Marketing,41,996000,8,57.4,83.8,Yes
EMP0825,IT,29,1037000,6,40.6,73.5,Yes
EMP0826,HR,42,1088000,7,40.3,72.9,No
EMP0827,Sales,38,778000,6,39.1,80.5,No
EMP0828,Marketing,36,904000,7,49.3,73.4,No
EMP0829,Marketing,21,902000,9,50.0,80.2,Yes
EMP0830,Operations,31,616000,3,47.7,67.9,No
EMP0831,Sales,45,998000,3,33.9,77.2,Yes
EMP0832,Operations,40,1089000,6,45.2,67.2,Yes
EMP0833,IT,30,1168000,4,41.3,66.4,No
EMP0834,Finance,45,1068000,8,48.4,77.1,Yes
EMP0835,Operations,48,926000,5,49.1,82.7,Yes
EMP0836,Marketing,29,1043000,5,41.0,63.4,No
EMP0837,Operations,49,1019000,5,40.2,69.1,No
EMP0838,Finance,44,1045000,7,42.7,73.0,Yes
EMP0839,Operations,39,1001000,4,40.5,64.8,No
EMP0840,IT,31,1115000,3,40.5,76.7,No
EMP0841,HR,35,869000,3,45.7,60.6,No
EMP0842,IT,30,772000,10,31.6,69.7,No
EMP0843,Operations,40,1117000,5,43.5,80.2,Yes
EMP0844,Marketing,45,986000,5,38.7,74.1,Yes
EMP0845,Finance,34,797000,7,45.6,66.4,No
EMP0846,Finance,39,1008000,7,46.5,63.4,No
EMP0847,IT,39,1142000,13,46.2,99.0,Yes
EMP0848,IT,23,926000,7,41.7,66.2,No
EMP0849,IT,26,1145000,7,43.2,66.9,Yes
EMP0850,Operations,35,1012000,12,60.0,90.5,Yes
EMP0851,Sales,28,982000,5,47.0,63.2,No
EMP0852,HR,27,892000,8,43.8,80.0,Yes
EMP0853,Finance,28,979000,1,35.9,62.3,No
EMP0854,Sales,31,799000,8,47.2,78.1,No
EMP0855,Finance,32,1021000,4,43.1,62.3,No
EMP0856,Operations,33,1008000,8,40.1,66.9,No
EMP0857,Finance,41,1140000,7,45.8,89.4,Yes
EMP0858,IT,22,830000,9,49.8,96.7,Yes
EMP0859,Sales,44,1234000,7,54.1,86.9,Yes
EMP0860,IT,39,918000,6,39.6,70.9,Yes
EMP0861,Operations,36,793000,13,48.9,86.0,Yes
EMP0862,IT,44,1210000,8,42.6,76.0,No
EMP0863,Marketing,30,1118000,11,34.2,72.0,Yes
EMP0864,Sales,37,930000,9,49.1,82.6,No
EMP0865,Operations,38,1029000,5,44.9,67.4,No
EMP0866,Sales,32,1026000,5,43.9,74.1,No
EMP0867,IT,49,1129000,6,44.9,92.4,Yes
EMP0868,HR,34,862000,5,42.7,68.1,No
EMP0869,Operations,32,760000,4,40.4,61.1,No
EMP0870,Sales,30,950000,8,44.8,76.6,No
EMP0871,Finance,43,1041000,9,51.7,86.6,Yes
EMP0872,Finance,33,1069000,5,46.0,76.2,No
EMP0873,Marketing,37,1037000,2,43.0,69.6,No
EMP0874,Marketing,27,952000,8,42.1,66.4,Yes
EMP0875,Sales,29,1058000,8,48.1,63.7,No
EMP0876,IT,32,1113000,5,39.9,62.3,No
EMP0877,IT,32,1061000,9,46.1,79.6,Yes
EMP0878,Marketing,21,746000,6,40.3,64.0,No
EMP0879,Finance,47,1034000,5,42.4,81.1,No
EMP0880,IT,30,950000,5,49.0,64.2,No
EMP0881,IT,42,1074000,11,46.1,93.4,Yes
EMP0882,Marketing,45,1041000,5,44.3,72.7,No
EMP0883,Finance,34,1200000,5,41.8,76.2,Yes
EMP0884,Operations,47,1073000,11,46.6,80.9,Yes
EMP0885,HR,35,984000,8,48.9,73.4,No
EMP0886,HR,34,815000,8,42.3,67.4,No
EMP0887,Sales,22,937000,8,44.9,76.6,Yes
EMP0888,HR,38,814000,12,47.4,100.0,Yes
EMP0889,Sales,34,881000,9,37.7,59.7,Yes
EMP0890,Marketing,37,961000,6,38.3,71.8,No
EMP0891,Sales,38,810000,2,47.1,70.5,No
EMP0892,Finance,40,1096000,8,44.5,77.3,No
EMP0893,Marketing,36,956000,8,49.3,85.0,Yes
EMP0894,IT,33,999000,4,46.5,72.3,No
EMP0895,IT,25,934000,6,47.8,73.1,No
EMP0896,Sales,45,1115000,5,48.2,89.8,Yes
EMP0897,Finance,36,1105000,8,43.8,87.4,No
EMP0898,IT,29,1129000,9,48.4,72.6,No
EMP0899,IT,45,1109000,9,47.6,74.2,Yes
EMP0900,Marketing,42,932000,7,42.9,72.9,No
EMP0901,Marketing,26,774000,6,42.1,67.4,No
EMP0902,Operations,33,1155000,6,45.7,67.7,No
EMP0903,Operations,21,774000,8,50.2,73.0,Yes
EMP0904,Operations,21,544000,6,39.3,56.8,No
EMP0905,Marketing,43,919000,5,38.7,76.2,No
EMP0906,Marketing,25,1004000,6,51.0,76.1,No
EMP0907,Finance,37,1017000,2,41.1,55.8,No
EMP0908,Operations,43,1011000,6,37.8,77.1,Yes
EMP0909,Finance,35,923000,6,45.4,62.3,No
EMP0910,IT,37,1120000,11,52.1,94.9,Yes
EMP0911,Finance,37,950000,2,43.8,69.8,No
EMP0912,Finance,24,843000,4,40.1,60.8,No
EMP0913,Operations,28,751000,1,52.7,70.1,No
EMP0914,Finance,38,1111000,2,40.6,56.0,No
EMP0915,Sales,35,1040000,5,45.5,69.5,Yes
EMP0916,Operations,29,661000,5,41.1,74.3,No
EMP0917,IT,41,1236000,4,41.3,70.2,Yes
EMP0918,IT,40,1007000,14,43.4,92.1,Yes
EMP0919,Operations,33,828000,5,45.8,65.3,No
EMP0920,Operations,21,934000,7,40.8,61.5,No
EMP0921,Finance,23,834000,7,45.0,67.4,No
EMP0922,Marketing,32,826000,4,38.0,56.0,No
EMP0923,Sales,31,829000,8,38.1,75.6,Yes
EMP0924,Marketing,31,899000,4,39.0,67.7,No
EMP0925,HR,36,838000,3,44.5,74.4,No
EMP0926,HR,26,834000,2,50.2,72.6,No
EMP0927,Finance,28,833000,7,40.5,66.8,No
EMP0928,HR,36,953000,1,45.2,81.7,No
EMP0929,IT,26,966000,3,45.1,58.7,No
EMP0930,IT,43,1212000,9,51.2,80.0,Yes
EMP0931,Finance,34,974000,8,46.7,82.4,No
EMP0932,HR,31,951000,8,45.6,66.1,No
EMP0933,Operations,41,852000,5,46.6,69.4,No
EMP0934,HR,24,577000,4,45.2,76.2,No
EMP0935,HR,38,673000,11,48.6,73.3,No
EMP0936,Operations,32,799000,8,47.2,73.9,Yes
EMP0937,Marketing,23,814000,3,35.5,58.5,No
EMP0938,Marketing,24,943000,12,52.2,92.0,Yes
EMP0939,Finance,31,994000,8,44.5,57.2,No
EMP0940,HR,42,1014000,7,48.2,63.0,No
EMP0941,IT,30,1086000,7,41.6,78.3,Yes
EMP0942,Marketing,48,943000,8,47.8,85.0,Yes
EMP0943,Sales,39,1115000,6,48.5,80.9,No
EMP0944,Operations,39,875000,9,37.0,64.1,No
EMP0945,IT,30,1030000,10,42.6,78.3,No
EMP0946,IT,44,1094000,7,46.2,86.4,No
EMP0947,Marketing,39,1006000,5,49.2,77.3,Yes
EMP0948,Sales,42,1035000,6,39.5,74.9,Yes
EMP0949,Operations,22,895000,6,49.6,68.5,No
EMP0950,Operations,36,966000,7,40.4,74.3,Yes
EMP0951,Finance,46,1126000,4,46.0,81.4,No
EMP0952,Finance,28,941000,8,51.0,82.7,Yes
EMP0953,IT,39,1101000,7,42.2,66.5,Yes
EMP0954,Operations,29,702000,5,44.9,71.4,No
EMP0955,IT,30,1049000,11,44.0,83.7,Yes
EMP0956,IT,34,1067000,7,36.9,77.6,Yes
EMP0957,IT,32,1017000,4,32.3,69.3,No
EMP0958,Marketing,37,784000,7,41.1,76.8,No
EMP0959,Marketing,32,728000,7,45.5,80.6,Yes
EMP0960,Marketing,46,1087000,6,40.1,77.9,No
EMP0961,IT,24,989000,9,33.2,70.1,No
EMP0962,IT,34,1031000,5,42.4,75.6,No
EMP0963,Marketing,21,666000,5,39.8,58.9,No
EMP0964,Operations,24,729000,8,45.1,74.8,Yes
EMP0965,Finance,34,1091000,6,45.8,78.7,No
EMP0966,Sales,36,823000,3,34.4,55.9,No
EMP0967,Sales,36,953000,5,44.4,68.1,No
EMP0968,Finance,36,1173000,9,49.5,80.8,Yes
EMP0969,Marketing,42,941000,5,40.2,78.0,No
EMP0970,HR,31,681000,6,40.4,53.1,No
EMP0971,HR,27,764000,7,45.8,64.6,No
EMP0972,Sales,30,885000,9,43.3,77.8,No
EMP0973,Operations,44,845000,5,43.9,80.7,Yes
EMP0974,Finance,37,1052000,6,42.7,81.5,Yes
EMP0975,Finance,35,977000,5,49.2,81.4,Yes
EMP0976,IT,34,1181000,10,45.4,66.5,Yes
EMP0977,Operations,29,851000,7,39.9,73.0,No
EMP0978,Operations,37,969000,7,49.3,79.0,No
EMP0979,Marketing,32,880000,3,34.6,57.1,No
EMP0980,IT,39,1068000,6,44.3,61.9,No
EMP0981,Operations,21,768000,7,44.0,63.9,No
EMP0982,Sales,30,769000,8,39.6,66.6,No
EMP0983,IT,25,746000,6,52.3,69.4,No
EMP0984,Marketing,30,911000,7,43.3,75.1,Yes
EMP0985,IT,41,1196000,12,39.9,79.2,Yes
EMP0986,IT,32,1052000,8,41.1,77.0,Yes
EMP0987,HR,28,736000,3,38.9,63.3,No
EMP0988,Sales,44,1100000,10,42.2,91.6,Yes
EMP0989,Operations,27,864000,3,34.3,60.1,No
EMP0990,IT,46,1243000,3,44.9,74.9,No
EMP0991,Sales,27,942000,4,34.5,61.4,No
EMP0992,Marketing,50,979000,7,51.8,75.3,No
EMP0993,IT,47,1378000,6,49.3,84.0,Yes
EMP0994,IT,33,1120000,3,40.2,71.8,No
EMP0995,Finance,30,826000,6,38.5,72.6,No
EMP0996,Sales,35,988000,9,43.1,76.0,Yes
EMP0997,IT,31,1071000,7,49.3,75.6,Yes
EMP0998,Finance,28,940000,6,36.3,65.4,No
EMP0999,Operations,38,750000,3,46.9,78.4,No
EMP1000,Sales,36,1147000,7,41.5,85.9,Yes
EMP1001,Sales,44,934000,4,37.6,75.0,Yes
EMP1002,Operations,21,720000,9,44.8,73.4,No
EMP1003,Operations,33,970000,6,43.7,77.2,No
EMP1004,IT,37,1029000,3,46.1,62.3,No
EMP1005,HR,46,1020000,4,42.3,62.5,No
EMP1006,Sales,37,968000,15,50.9,100.0,Yes
EMP1007,Finance,37,965000,5,41.3,68.1,No
EMP1008,HR,31,961000,3,40.6,60.1,No
EMP1009,Marketing,37,894000,2,37.6,53.7,No
EMP1010,IT,36,1074000,5,39.6,70.9,No
EMP1011,Operations,28,765000,3,40.8,63.9,No
EMP1012,IT,31,920000,7,48.5,82.7,Yes
EMP1013,IT,22,836000,10,47.4,78.6,No
EMP1014,HR,28,844000,4,43.5,74.3,Yes
EMP1015,Finance,29,1024000,8,43.8,67.2,No
EMP1016,Finance,29,886000,8,43.3,73.2,No
EMP1017,IT,40,1103000,5,40.4,78.6,No
EMP1018,IT,30,1018000,10,47.9,83.5,Yes
EMP1019,HR,44,907000,4,46.7,77.0,Yes
EMP1020,HR,31,892000,4,39.8,79.7,No
EMP1021,Operations,33,931000,5,48.6,67.1,No
EMP1022,Operations,38,778000,1,55.0,62.3,No
EMP1023,IT,44,980000,10,45.7,93.5,Yes
EMP1024,Marketing,38,973000,4,44.3,71.0,No
EMP1025,HR,40,897000,4,41.4,62.3,No
EMP1026,Sales,32,937000,7,41.2,71.7,No
EMP1027,IT,41,1195000,12,49.2,90.1,Yes
EMP1028,Sales,40,883000,6,45.2,83.4,No
EMP1029,Marketing,28,800000,7,46.6,82.8,No
EMP1030,IT,39,1125000,7,45.6,78.4,Yes
EMP1031,Operations,44,1087000,5,47.9,64.0,No
EMP1032,Marketing,31,1002000,9,48.5,73.7,No
EMP1033,Sales,35,932000,9,49.7,82.5,Yes
EMP1034,Finance,44,1086000,12,46.2,86.1,Yes
EMP1035,Marketing,25,864000,2,44.1,60.5,No
EMP1036,Sales,43,989000,5,50.4,77.3,No
EMP1037,Sales,26,884000,6,44.2,71.4,No
EMP1038,HR,33,761000,3,49.6,69.0,No
EMP1039,Operations,36,886000,6,45.3,76.3,No
EMP1040,IT,29,1044000,9,45.8,79.6,Yes
EMP1041,HR,23,786000,2,41.6,56.2,No
EMP1042,Sales,42,1133000,9,52.0,65.0,Yes
EMP1043,Sales,25,981000,8,46.0,69.1,Yes
EMP1044,Finance,28,840000,6,36.3,61.6,No
EMP1045,Finance,32,927000,10,47.8,79.4,Yes
EMP1046,Sales,37,808000,12,50.8,97.6,Yes
EMP1047,Finance,43,1035000,6,39.2,73.6,Yes
EMP1048,Marketing,35,928000,12,51.0,90.7,Yes
EMP1049,Operations,35,1069000,9,39.1,58.5,No
EMP1050,Finance,43,955000,5,38.2,60.5,No
EMP1051,Sales,26,1026000,7,43.1,68.5,Yes
EMP1052,Sales,36,820000,10,46.0,83.3,Yes
EMP1053,HR,46,917000,7,39.3,59.9,Yes
EMP1054,Sales,34,848000,9,47.7,87.6,Yes
EMP1055,HR,25,719000,5,43.1,65.1,No
EMP1056,Finance,30,791000,4,36.2,70.5,No
EMP1057,IT,34,1194000,5,35.8,72.7,Yes
EMP1058,HR,45,912000,3,49.6,69.6,No
EMP1059,Sales,34,853000,6,42.5,74.4,No
EMP1060,Operations,28,783000,8,60.0,88.4,Yes
EMP1061,IT,42,1218000,10,50.8,80.2,Yes
EMP1062,Sales,28,978000,3,47.8,66.9,Yes
EMP1063,Operations,27,709000,4,47.1,67.5,No
EMP1064,Operations,28,756000,9,41.1,89.4,Yes
EMP1065,Marketing,31,841000,2,38.7,50.7,No
EMP1066,Finance,46,1264000,14,46.5,95.7,Yes
EMP1067,IT,41,1202000,5,50.4,89.3,Yes
EMP1068,Finance,35,1114000,6,55.1,90.0,Yes
EMP1069,Finance,22,1011000,6,43.3,70.6,No
EMP1070,IT,26,1025000,6,47.8,63.5,No
EMP1071,Marketing,34,922000,5,43.3,68.6,No
EMP1072,IT,34,1146000,4,41.2,67.7,No
EMP1073,Marketing,37,1020000,7,42.6,68.3,No
EMP1074,Sales,30,966000,9,47.9,76.9,Yes
EMP1075,HR,44,1010000,3,45.6,77.2,Yes
EMP1076,Finance,41,1095000,5,40.8,78.6,Yes
EMP1077,IT,41,1185000,11,34.4,74.5,Yes
EMP1078,Sales,48,1152000,9,39.3,78.2,No
EMP1079,IT,24,977000,10,50.8,73.1,Yes
EMP1080,IT,29,1092000,10,41.2,81.7,Yes
EMP1081,Finance,37,1011000,4,49.8,77.7,Yes
EMP1082,Marketing,40,1042000,4,54.8,88.8,Yes
EMP1083,IT,34,1007000,12,47.6,88.0,Yes
EMP1084,Sales,26,897000,9,43.8,66.6,No
EMP1085,Finance,30,1058000,6,36.5,63.2,Yes
EMP1086,Sales,22,789000,12,41.9,71.5,No
EMP1087,Marketing,40,902000,7,49.6,84.2,Yes
EMP1088,IT,33,966000,4,38.4,66.2,No
EMP1089,Sales,39,1026000,5,40.2,59.9,No
EMP1090,Operations,36,881000,6,48.1,68.1,No
EMP1091,Marketing,35,1001000,15,31.4,82.8,Yes
EMP1092,Finance,25,909000,8,45.7,78.0,No
EMP1093,IT,33,1175000,10,42.2,86.2,Yes
EMP1094,IT,35,1161000,5,46.3,74.7,No
EMP1095,Sales,33,971000,6,40.6,65.9,Yes
EMP1096,Marketing,30,823000,6,46.8,68.9,No
EMP1097,Finance,26,922000,6,45.3,73.7,No
EMP1098,Marketing,32,1124000,4,50.4,73.9,No
EMP1099,Marketing,42,1110000,7,40.4,79.0,Yes
EMP1100,HR,41,778000,6,43.2,68.0,No
EMP1101,IT,45,1009000,3,41.3,73.5,No
EMP1102,IT,37,1070000,5,41.9,76.3,No
EMP1103,IT,36,1063000,8,35.9,87.4,Yes
EMP1104,IT,31,1091000,8,50.3,68.8,No
EMP1105,Finance,34,1106000,7,42.1,67.4,Yes
EMP1106,IT,28,885000,8,44.4,72.3,Yes
EMP1107,Sales,23,690000,7,51.6,84.4,No
EMP1108,Finance,40,1010000,7,44.4,77.2,Yes
EMP1109,HR,47,1083000,3,43.3,81.1,Yes
EMP1110,Operations,38,741000,8,43.4,68.8,No
EMP1111,Finance,28,889000,3,40.0,57.5,No
EMP1112,Finance,37,929000,7,43.2,63.1,Yes
EMP1113,Marketing,34,804000,6,46.8,70.3,Yes
EMP1114,Finance,35,891000,7,54.0,89.9,No
EMP1115,Finance,21,1006000,6,43.8,66.7,No
EMP1116,Sales,44,1095000,10,41.5,75.4,Yes
EMP1117,IT,28,1137000,6,47.4,81.2,No
EMP1118,Sales,21,979000,7,48.1,78.4,No
EMP1119,Operations,30,972000,5,46.2,61.8,No
EMP1120,Finance,39,997000,6,41.9,82.3,No
EMP1121,Finance,37,1081000,7,51.7,85.0,Yes
EMP1122,IT,34,1000000,6,46.7,73.8,No
EMP1123,IT,43,1025000,12,50.3,100.0,Yes
EMP1124,IT,29,1041000,13,42.0,90.5,Yes
EMP1125,Operations,42,1016000,10,47.4,85.7,No
EMP1126,IT,28,1006000,4,37.9,74.5,No
EMP1127,IT,23,1066000,13,47.0,77.9,No
EMP1128,HR,43,907000,9,54.0,84.6,Yes
EMP1129,Operations,39,943000,2,48.1,65.2,No
EMP1130,IT,31,1049000,3,39.4,66.9,No
EMP1131,Marketing,31,842000,7,44.9,73.1,No
EMP1132,Finance,21,858000,4,43.8,74.1,No
EMP1133,Sales,31,693000,7,44.1,77.1,No
EMP1134,Sales,37,925000,6,45.7,84.1,No
EMP1135,Operations,30,900000,9,36.5,70.3,No
EMP1136,Finance,31,942000,12,42.4,86.1,Yes
EMP1137,Marketing,30,804000,5,37.7,62.8,No
EMP1138,Finance,29,1041000,8,59.0,85.6,Yes
EMP1139,Marketing,31,787000,7,47.2,67.0,No
EMP1140,IT,31,894000,6,45.1,57.2,No
EMP1141,Operations,46,938000,15,52.8,94.2,Yes
EMP1142,Marketing,30,941000,9,41.0,65.7,No
EMP1143,Marketing,30,786000,4,53.6,67.9,No
EMP1144,IT,44,1199000,5,49.4,79.4,Yes
EMP1145,Operations,37,854000,5,51.8,80.5,No
EMP1146,Sales,38,965000,8,40.5,62.4,No
EMP1147,Marketing,33,609000,8,49.7,74.7,Yes
EMP1148,Operations,37,940000,9,46.5,85.7,Yes
EMP1149,Sales,36,893000,6,49.8,88.7,Yes
EMP1150,IT,46,1175000,4,41.8,72.1,No
EMP1151,Finance,44,1085000,6,43.1,85.0,Yes
EMP1152,Marketing,35,904000,5,43.8,69.3,No
EMP1153,IT,39,939000,7,51.9,93.9,Yes
EMP1154,Finance,40,1021000,6,39.5,64.7,No
EMP1155,IT,37,958000,9,57.3,90.5,Yes
EMP1156,HR,29,993000,4,43.5,62.0,No
EMP1157,Sales,38,971000,2,48.1,81.1,No
EMP1158,Sales,43,980000,9,42.3,88.2,Yes
EMP1159,Marketing,29,1012000,4,38.6,73.8,No
EMP1160,Operations,37,964000,5,53.7,86.2,Yes
EMP1161,HR,32,929000,4,45.1,77.3,No
EMP1162,Finance,30,1110000,3,39.1,53.3,No
EMP1163,Operations,36,849000,10,41.6,79.1,Yes
EMP1164,Operations,36,902000,4,40.3,68.7,No
EMP1165,Operations,35,637000,10,48.2,76.8,No
EMP1166,Sales,34,1143000,4,45.9,82.7,No
EMP1167,Operations,34,920000,10,49.1,71.8,No
EMP1168,HR,25,704000,6,46.4,71.9,No
EMP1169,Finance,21,855000,7,44.5,78.3,No
EMP1170,Sales,42,1035000,9,41.5,89.5,Yes
EMP1171,Marketing,37,1119000,3,50.0,87.8,No
EMP1172,Operations,43,812000,9,40.7,71.0,No
EMP1173,IT,47,1241000,3,41.5,68.0,No
EMP1174,Sales,32,968000,5,36.9,75.5,No
EMP1175,Marketing,43,1039000,6,36.8,73.5,No
EMP1176,Sales,32,1016000,4,47.1,64.1,Yes
EMP1177,Sales,22,590000,4,37.1,59.8,No
EMP1178,Marketing,37,829000,9,52.0,88.3,Yes
EMP1179,HR,33,978000,3,42.7,61.1,No
EMP1180,Marketing,28,881000,7,46.5,76.2,No
EMP1181,Operations,47,949000,1,38.3,60.5,No
EMP1182,IT,23,1033000,4,43.1,62.6,No
EMP1183,Marketing,46,1019000,7,42.7,66.1,No
EMP1184,IT,27,894000,4,31.2,57.1,No
EMP1185,Sales,33,975000,3,46.8,64.7,No
EMP1186,Finance,30,875000,9,49.8,85.0,Yes
EMP1187,IT,36,1140000,7,47.1,83.1,Yes
EMP1188,Finance,37,1250000,10,55.8,78.0,Yes
EMP1189,IT,43,1282000,4,49.1,72.1,Yes
EMP1190,IT,34,1127000,5,44.2,73.1,Yes
EMP1191,Operations,26,836000,5,41.8,63.3,No
EMP1192,HR,35,667000,3,40.1,54.3,No
EMP1193,Sales,21,983000,14,44.7,92.2,No
EMP1194,Sales,33,752000,8,37.7,68.2,Yes
EMP1195,IT,38,1154000,5,44.2,80.9,Yes
EMP1196,Finance,25,939000,6,42.2,73.9,Yes
EMP1197,Marketing,29,1041000,4,36.7,63.3,No
EMP1198,Marketing,31,947000,6,48.1,76.9,No
EMP1199,Sales,25,838000,4,44.0,66.4,Yes
EMP1200,HR,26,787000,5,43.2,61.8,No
EMP1201,Finance,21,788000,3,46.0,71.8,No
EMP1202,Marketing,30,912000,6,48.4,74.6,Yes
EMP1203,Operations,45,915000,7,53.1,89.7,Yes
EMP1204,Marketing,25,845000,10,49.1,77.5,No
EMP1205,Finance,36,1166000,8,45.3,71.9,Yes
EMP1206,Sales,30,900000,7,37.8,66.0,Yes
EMP1207,IT,33,929000,7,46.0,82.4,Yes
EMP1208,Operations,42,1024000,8,42.9,71.6,Yes
EMP1209,Marketing,34,1043000,9,42.3,82.1,No
EMP1210,Finance,24,883000,3,48.0,67.6,No
EMP1211,Marketing,28,873000,10,30.0,59.2,No
EMP1212,Operations,34,866000,4,45.3,66.7,No
EMP1213,IT,32,1025000,8,49.0,89.5,No
EMP1214,Marketing,34,880000,13,42.3,90.7,Yes
EMP1215,Operations,45,878000,5,48.1,67.4,Yes
EMP1216,Sales,39,1038000,7,42.9,68.9,No
EMP1217,Finance,36,1011000,5,45.7,65.6,No
EMP1218,Sales,36,850000,8,42.1,75.4,Yes
EMP1219,HR,26,747000,3,45.2,66.8,Yes
EMP1220,HR,28,956000,7,41.5,75.1,Yes
EMP1221,Marketing,37,983000,6,38.9,76.3,No
EMP1222,Operations,35,907000,10,46.3,91.8,Yes
EMP1223,Sales,35,852000,10,48.1,74.5,Yes
EMP1224,Sales,29,923000,9,48.9,88.3,Yes
EMP1225,Sales,30,896000,7,41.2,64.5,No
EMP1226,Finance,23,869000,10,40.6,71.9,Yes
EMP1227,Operations,36,901000,9,48.7,83.1,Yes
EMP1228,Finance,32,1057000,4,40.8,64.1,No
EMP1229,Sales,44,1195000,7,45.9,73.5,Yes
EMP1230,Operations,38,946000,11,45.2,72.0,Yes
EMP1231,Sales,37,1014000,6,38.4,66.9,Yes
EMP1232,Sales,36,1023000,6,40.9,64.0,No
EMP1233,Operations,39,879000,6,39.8,68.5,No
EMP1234,Finance,46,1144000,2,43.5,75.6,Yes
EMP1235,Finance,37,943000,7,53.3,88.4,No
EMP1236,Operations,40,1084000,7,44.7,69.8,Yes
EMP1237,Finance,34,1083000,5,56.4,64.6,Yes
EMP1238,IT,37,1145000,11,46.6,86.3,Yes
EMP1239,HR,23,768000,5,44.7,67.0,No
EMP1240,Marketing,33,804000,4,44.0,61.4,No
EMP1241,Finance,43,1157000,3,40.5,68.2,No
EMP1242,Finance,42,1143000,4,39.9,74.0,Yes
EMP1243,Sales,43,1129000,9,49.8,85.9,Yes
EMP1244,IT,41,1224000,10,43.4,78.2,Yes
EMP1245,IT,49,988000,9,48.5,87.1,Yes
EMP1246,HR,34,919000,3,41.6,67.4,No
EMP1247,Operations,49,975000,8,37.0,75.9,No
EMP1248,Operations,39,989000,13,53.6,99.3,Yes
EMP1249,Sales,30,909000,12,45.0,92.2,Yes
EMP1250,Finance,32,1026000,3,37.8,60.2,No
EMP1251,Finance,33,957000,9,47.2,76.3,No
EMP1252,IT,35,1083000,6,42.4,74.0,Yes
EMP1253,Operations,26,895000,8,45.3,87.5,Yes
EMP1254,Operations,44,1184000,7,51.2,93.3,Yes
EMP1255,HR,40,996000,10,36.5,85.0,No
EMP1256,Finance,27,958000,6,50.6,74.5,No
EMP1257,IT,32,1083000,7,36.6,62.2,Yes
EMP1258,IT,28,945000,7,48.6,81.2,No
EMP1259,Finance,43,1181000,8,50.9,90.4,Yes
EMP1260,Marketing,44,1026000,2,45.0,84.3,Yes
EMP1261,Operations,37,932000,9,44.5,72.4,No
EMP1262,Sales,32,843000,2,32.7,50.7,No
EMP1263,Operations,43,989000,6,52.0,84.2,Yes
EMP1264,IT,34,1147000,6,39.8,82.2,Yes
EMP1265,Operations,21,676000,6,55.6,72.4,No
EMP1266,Operations,39,704000,7,48.2,72.2,Yes
EMP1267,HR,32,768000,6,48.9,81.3,No
EMP1268,Finance,21,925000,7,40.6,69.8,No
EMP1269,Marketing,40,968000,10,45.4,72.7,No
EMP1270,Operations,32,769000,6,44.7,73.6,No
EMP1271,IT,40,1133000,5,54.4,93.8,Yes
EMP1272,IT,35,1016000,6,49.5,81.6,Yes
EMP1273,Sales,34,943000,7,42.2,79.5,Yes
EMP1274,Operations,41,823000,6,48.8,77.3,No
EMP1275,Operations,31,778000,7,50.5,74.5,No
EMP1276,Sales,39,1040000,6,48.5,67.3,Yes
EMP1277,IT,45,1047000,6,44.8,75.5,Yes
EMP1278,Sales,38,971000,7,41.0,71.9,No
EMP1279,Operations,38,801000,6,43.5,82.1,No
EMP1280,Sales,38,868000,9,46.8,74.3,Yes
EMP1281,Marketing,39,1031000,3,42.0,86.1,No
EMP1282,HR,25,777000,6,41.5,63.5,No
EMP1283,Sales,31,1047000,5,45.3,64.0,Yes
EMP1284,Sales,34,1002000,12,44.9,91.2,Yes
EMP1285,IT,31,941000,1,38.9,53.8,No
EMP1286,Sales,44,1009000,8,37.9,78.7,Yes
EMP1287,Sales,43,1143000,10,57.9,99.2,Yes
EMP1288,IT,40,1317000,3,40.6,65.2,No
EMP1289,Finance,31,1139000,7,45.5,80.5,Yes
EMP1290,IT,51,1259000,7,45.5,73.1,Yes
EMP1291,Finance,38,925000,2,53.7,68.4,No
EMP1292,Sales,28,1101000,9,51.3,65.1,Yes
EMP1293,IT,28,1090000,5,36.8,63.9,Yes
EMP1294,Finance,34,1046000,6,44.4,57.5,No
EMP1295,Sales,38,932000,8,43.2,76.3,Yes
EMP1296,Operations,31,870000,10,49.8,83.6,No
EMP1297,IT,28,1149000,9,42.0,86.6,Yes
EMP1298,Finance,36,1178000,6,51.4,74.7,Yes
EMP1299,Finance,40,1104000,1,37.6,69.8,No
EMP1300,IT,40,1241000,8,47.5,81.5,No
EMP1301,HR,37,856000,11,51.8,97.5,No
EMP1302,Operations,22,836000,8,54.1,70.3,No
EMP1303,Marketing,40,884000,4,36.1,61.9,No
EMP1304,Marketing,28,967000,10,39.0,69.0,Yes
EMP1305,Sales,28,873000,7,49.3,70.3,No
EMP1306,Finance,22,907000,4,48.5,73.5,No
EMP1307,IT,44,1112000,8,42.0,84.1,Yes
EMP1308,Sales,32,1002000,8,42.6,68.8,No
EMP1309,IT,45,1186000,15,53.1,93.0,Yes
EMP1310,IT,46,1205000,7,38.3,71.3,Yes
EMP1311,Operations,35,968000,6,44.3,51.3,No
EMP1312,Finance,32,1121000,12,52.9,100.0,Yes
EMP1313,IT,39,1169000,6,51.1,79.9,Yes
EMP1314,Marketing,48,1071000,10,42.1,92.3,Yes
EMP1315,Finance,43,1063000,9,51.2,89.0,Yes
EMP1316,Marketing,47,892000,8,47.4,74.5,No
EMP1317,Sales,30,904000,4,41.9,69.6,No
EMP1318,Finance,24,888000,6,41.1,72.7,No
EMP1319,Marketing,30,1027000,5,44.4,67.0,No
EMP1320,Marketing,28,1031000,6,43.1,77.3,Yes
EMP1321,Sales,42,1042000,7,45.4,90.9,Yes
EMP1322,Operations,33,834000,5,40.1,64.6,No
EMP1323,Sales,25,883000,2,45.3,48.0,No
EMP1324,HR,38,820000,5,32.3,54.4,No
EMP1325,IT,22,787000,6,46.9,68.5,No
EMP1326,Operations,28,803000,8,41.2,56.2,No
EMP1327,IT,42,1097000,2,46.0,65.4,No
EMP1328,IT,22,977000,14,47.0,86.4,Yes
EMP1329,Sales,40,883000,6,40.1,75.8,No
EMP1330,IT,37,1105000,8,43.9,70.6,Yes
EMP1331,Operations,21,1095000,3,41.8,54.5,No
EMP1332,Sales,37,866000,6,37.0,73.9,No
EMP1333,HR,29,858000,4,50.2,68.8,No
EMP1334,Marketing,27,739000,11,49.1,87.1,Yes
EMP1335,Sales,31,966000,5,42.9,71.5,No
EMP1336,Sales,29,1065000,6,33.8,75.6,No
EMP1337,Sales,30,889000,2,45.7,52.0,No
EMP1338,Operations,26,820000,11,42.9,76.5,No
EMP1339,Sales,21,694000,7,42.6,69.4,No
EMP1340,Finance,29,742000,5,49.7,81.9,No
EMP1341,Finance,32,901000,11,50.0,80.6,Yes
EMP1342,Finance,34,1050000,6,42.0,75.2,No
EMP1343,Operations,43,1117000,2,43.1,64.7,No
EMP1344,Operations,42,989000,2,34.7,68.1,Yes
EMP1345,Sales,30,831000,5,40.6,60.3,No
EMP1346,IT,32,904000,3,47.1,72.3,No
EMP1347,Sales,36,901000,2,53.9,77.5,No
EMP1348,Sales,41,879000,10,48.6,86.8,Yes
EMP1349,Operations,30,689000,6,43.4,70.1,No
EMP1350,Sales,23,938000,7,46.4,73.4,No
EMP1351,HR,40,1017000,4,39.3,68.9,No
EMP1352,HR,23,859000,7,47.6,64.9,Yes
EMP1353,Marketing,33,844000,7,48.0,76.7,No
EMP1354,Finance,32,1141000,7,40.5,66.8,No
EMP1355,Sales,39,882000,7,44.5,80.3,No
EMP1356,HR,31,802000,8,45.9,86.2,Yes
EMP1357,Finance,23,841000,6,46.7,72.6,Yes
EMP1358,Finance,34,1135000,3,38.7,68.0,Yes
EMP1359,HR,45,948000,3,53.5,77.3,No
EMP1360,IT,25,894000,1,45.6,60.7,No
EMP1361,Finance,35,954000,3,40.8,50.2,No
EMP1362,Marketing,29,889000,6,48.7,71.4,No
EMP1363,Sales,26,972000,8,38.6,68.3,Yes
EMP1364,Finance,49,1187000,4,43.7,90.9,Yes
EMP1365,Finance,41,757000,6,48.4,77.2,No
EMP1366,IT,39,1098000,3,39.9,70.9,Yes
EMP1367,Sales,29,1003000,7,44.2,71.9,Yes
EMP1368,Sales,23,834000,8,51.1,69.9,No
EMP1369,IT,29,946000,4,37.3,65.6,No
EMP1370,IT,28,1212000,6,47.4,91.3,Yes
EMP1371,Sales,44,872000,2,40.9,61.9,No
EMP1372,IT,27,892000,5,45.4,78.0,No
EMP1373,IT,30,960000,2,32.6,58.7,No
EMP1374,IT,44,1204000,5,39.7,85.5,Yes
EMP1375,Sales,47,977000,8,51.9,93.5,Yes
EMP1376,Finance,36,1102000,10,45.4,89.1,Yes
EMP1377,IT,22,977000,7,47.1,84.8,No
EMP1378,IT,21,845000,3,46.1,63.9,No
EMP1379,Finance,34,1013000,6,39.4,69.2,Yes
EMP1380,Marketing,36,893000,4,42.0,71.7,No
EMP1381,Marketing,36,967000,2,45.4,69.6,No
EMP1382,Operations,35,1041000,8,42.1,74.3,Yes
EMP1383,Sales,21,959000,9,49.2,78.7,No
EMP1384,IT,21,969000,5,45.9,80.0,No
EMP1385,Finance,36,1242000,5,34.4,71.9,Yes
EMP1386,Operations,29,873000,12,45.4,84.7,No
EMP1387,Marketing,44,956000,7,42.3,85.0,Yes
EMP1388,Sales,39,894000,3,38.1,75.1,No
EMP1389,Operations,43,1039000,2,42.4,66.8,No
EMP1390,Marketing,34,1021000,8,48.4,74.4,No
EMP1391,Marketing,36,880000,6,43.4,72.3,No
EMP1392,IT,44,865000,6,38.3,78.6,Yes
EMP1393,Sales,44,1072000,4,40.1,71.1,Yes
EMP1394,Sales,28,798000,4,43.7,59.6,No
EMP1395,Operations,37,1024000,4,36.0,56.4,Yes
EMP1396,Marketing,29,792000,3,41.1,63.2,No
EMP1397,Operations,36,910000,5,47.5,59.0,No
EMP1398,Operations,46,971000,6,44.7,64.0,No
EMP1399,IT,39,995000,11,44.2,85.5,Yes
EMP1400,Finance,25,1025000,7,52.8,85.8,Yes
EMP1401,IT,29,976000,5,44.8,61.8,No
EMP1402,Finance,30,997000,4,41.7,72.1,No
EMP1403,Marketing,40,860000,6,41.9,79.9,Yes
EMP1404,HR,40,1017000,4,42.1,63.0,No
EMP1405,IT,23,1031000,1,42.6,65.0,No
EMP1406,Finance,45,1002000,3,38.2,65.2,No
EMP1407,Operations,36,741000,5,40.9,58.2,No
EMP1408,Marketing,27,882000,9,47.1,88.7,Yes
EMP1409,Operations,26,983000,7,41.5,52.3,No
EMP1410,Sales,37,918000,3,43.3,82.4,Yes
EMP1411,Marketing,36,964000,9,50.5,87.0,Yes
EMP1412,IT,30,1055000,7,46.9,82.3,No
EMP1413,Finance,36,958000,5,42.0,63.9,No
EMP1414,IT,37,1156000,11,51.0,69.1,No
EMP1415,Sales,30,836000,7,49.0,86.0,Yes
EMP1416,IT,37,983000,4,36.3,66.2,Yes
EMP1417,Finance,27,862000,6,40.3,65.9,No
EMP1418,Finance,42,957000,6,40.2,87.5,No
EMP1419,HR,44,844000,4,52.3,88.8,Yes
EMP1420,Finance,23,1077000,5,48.2,73.8,Yes
EMP1421,Finance,31,954000,5,40.3,74.3,No
EMP1422,Operations,21,863000,9,37.4,62.5,Yes
EMP1423,IT,28,964000,11,48.0,79.7,Yes
EMP1424,Finance,34,967000,6,47.3,63.3,No
EMP1425,IT,32,1103000,5,50.5,71.9,No
EMP1426,Finance,35,997000,6,44.4,73.4,No
EMP1427,HR,22,866000,3,43.7,59.9,No
EMP1428,Sales,43,1150000,3,31.2,57.8,No
EMP1429,Finance,37,1036000,4,45.2,76.5,Yes
EMP1430,IT,43,1132000,8,47.1,85.2,Yes
EMP1431,Finance,35,1207000,2,39.3,64.7,Yes
EMP1432,Sales,28,810000,2,40.7,62.1,No
EMP1433,Operations,33,970000,13,50.1,98.7,Yes
EMP1434,Marketing,30,950000,4,39.8,72.3,Yes
EMP1435,Operations,32,956000,4,39.8,65.9,Yes
EMP1436,HR,40,1049000,5,37.5,78.6,Yes
EMP1437,Finance,29,1037000,6,47.3,84.3,No
EMP1438,Sales,28,968000,3,42.2,74.9,No
EMP1439,Sales,42,942000,3,52.3,70.1,Yes
EMP1440,Marketing,30,1043000,6,41.3,71.7,Yes
EMP1441,Marketing,39,948000,7,41.6,81.7,No
EMP1442,Marketing,29,823000,4,38.7,67.5,No
EMP1443,Operations,36,845000,7,45.2,75.1,No
EMP1444,Finance,34,894000,8,39.6,78.9,Yes
EMP1445,HR,30,725000,3,46.2,77.5,No
EMP1446,IT,38,1171000,5,37.0,70.9,No
EMP1447,Operations,36,942000,2,39.8,59.6,No
EMP1448,Finance,25,1077000,6,41.6,81.6,No
EMP1449,Marketing,26,734000,11,48.0,74.6,No
EMP1450,Finance,32,983000,11,44.4,80.3,No
EMP1451,Finance,29,999000,11,48.2,82.8,No
EMP1452,IT,48,1155000,8,39.9,74.5,Yes
EMP1453,Operations,22,731000,6,34.4,66.2,No
EMP1454,Sales,32,997000,5,58.3,77.4,No
EMP1455,Finance,35,1150000,9,38.6,77.6,Yes
EMP1456,Finance,27,1061000,9,43.4,78.6,Yes
EMP1457,Sales,29,1046000,5,42.4,77.6,No
EMP1458,Operations,31,1041000,6,41.3,72.0,Yes
EMP1459,HR,28,864000,2,46.4,73.2,No
EMP1460,IT,26,1016000,2,44.4,78.0,No
EMP1461,IT,37,1189000,4,45.8,81.1,No
EMP1462,Sales,35,985000,6,41.7,73.4,No
EMP1463,Operations,35,949000,5,49.4,80.1,Yes
EMP1464,Operations,21,736000,7,44.2,70.9,No
EMP1465,Operations,44,1142000,4,40.6,67.8,Yes
EMP1466,Sales,32,776000,4,41.8,72.1,No
EMP1467,HR,42,831000,2,46.6,72.4,Yes
EMP1468,Marketing,31,988000,7,44.6,74.8,No
EMP1469,Operations,30,932000,4,43.3,59.7,No
EMP1470,Sales,34,1023000,7,48.2,84.9,Yes
EMP1471,IT,25,945000,6,42.7,76.1,No
EMP1472,IT,32,1069000,6,49.6,65.6,No
EMP1473,Finance,34,922000,7,41.8,75.9,Yes
EMP1474,Finance,38,1098000,8,43.0,71.1,Yes
EMP1475,Sales,40,968000,6,33.1,58.3,No
EMP1476,Sales,38,1067000,8,45.6,80.1,Yes
EMP1477,IT,35,1084000,9,41.1,85.4,No
EMP1478,HR,37,801000,6,38.0,83.3,No
EMP1479,IT,38,1147000,2,44.3,74.9,No
EMP1480,Finance,42,1044000,9,55.0,96.3,Yes
EMP1481,Finance,42,1085000,14,40.5,81.2,Yes
EMP1482,Marketing,27,759000,13,47.1,77.4,Yes
EMP1483,Sales,30,938000,3,35.7,61.2,No
EMP1484,IT,34,1022000,6,40.4,67.9,No
EMP1485,HR,25,735000,6,44.2,61.7,No
EMP1486,Operations,28,907000,5,44.7,57.8,No
EMP1487,IT,29,1144000,8,56.4,96.2,Yes
EMP1488,IT,24,1108000,8,38.1,68.6,Yes
EMP1489,Marketing,25,804000,4,45.3,72.2,No
EMP1490,Marketing,38,845000,2,54.6,81.7,No
EMP1491,Sales,33,1017000,10,52.6,80.7,Yes
EMP1492,IT,46,1134000,6,50.9,87.6,Yes
EMP1493,Finance,26,833000,8,41.7,67.8,No
EMP1494,IT,21,1108000,1,41.7,59.3,No
EMP1495,Finance,33,1094000,9,40.8,69.6,Yes
EMP1496,Finance,27,962000,9,49.2,71.4,Yes
EMP1497,Sales,35,861000,6,33.7,73.1,No
EMP1498,Finance,37,872000,7,41.7,79.3,Yes
EMP1499,IT,37,1020000,7,43.0,81.5,No
EMP1500,Operations,31,817000,3,48.9,77.5,Yes
EMP1501,Operations,25,710000,10,40.8,74.1,Yes
EMP1502,Operations,44,964000,2,48.1,61.3,No
EMP1503,Marketing,40,995000,10,46.1,83.7,No
EMP1504,IT,42,961000,7,49.1,88.7,Yes
EMP1505,Marketing,37,902000,8,40.3,76.3,No
EMP1506,IT,30,979000,8,46.3,84.1,Yes
EMP1507,Operations,32,902000,8,50.7,76.4,No
EMP1508,Finance,53,1202000,10,42.6,90.7,Yes
EMP1509,Operations,38,915000,5,42.2,71.4,No
EMP1510,Finance,32,889000,8,38.6,72.2,No
EMP1511,Finance,22,938000,7,41.5,63.1,No
EMP1512,Finance,25,1034000,4,42.0,70.4,No
EMP1513,Operations,35,988000,3,38.4,62.3,No
EMP1514,Finance,40,1181000,4,49.5,70.7,Yes
EMP1515,IT,34,1046000,12,50.6,95.9,No
EMP1516,Sales,30,667000,8,43.2,73.0,No
EMP1517,Sales,47,1012000,7,46.6,86.8,Yes
EMP1518,Sales,21,915000,6,38.5,71.1,No
EMP1519,Operations,49,981000,4,41.1,72.8,No
EMP1520,HR,44,977000,8,53.7,100.0,No
EMP1521,Sales,41,1306000,4,52.8,75.5,No
EMP1522,IT,29,1016000,7,49.6,84.0,Yes
EMP1523,IT,32,984000,8,39.5,77.6,No
EMP1524,IT,30,1032000,7,44.2,78.5,No
EMP1525,HR,38,951000,8,51.4,88.8,No
EMP1526,Finance,46,1317000,6,31.5,62.6,Yes
EMP1527,Sales,25,905000,3,47.9,65.5,No
EMP1528,IT,27,1028000,5,40.6,76.2,Yes
EMP1529,IT,38,1002000,4,46.7,97.5,Yes
EMP1530,IT,36,1117000,2,41.0,72.9,Yes
EMP1531,Operations,44,1073000,3,46.9,100.0,No
EMP1532,IT,29,1121000,4,37.6,66.9,No
EMP1533,HR,50,936000,8,45.9,75.4,Yes
EMP1534,Sales,32,990000,3,49.6,73.1,No
EMP1535,Marketing,43,845000,6,38.9,75.1,No
EMP1536,HR,30,935000,12,46.2,91.2,No
EMP1537,Sales,28,910000,7,39.2,63.7,Yes
EMP1538,Operations,31,822000,4,46.4,64.0,No
EMP1539,Operations,31,928000,9,51.3,77.5,No
EMP1540,Marketing,30,697000,5,38.0,70.8,No
EMP1541,Finance,25,883000,7,42.9,80.2,No
EMP1542,Operations,34,938000,7,46.0,82.3,Yes
EMP1543,Sales,24,779000,7,36.1,65.7,Yes
EMP1544,Marketing,33,1001000,9,44.4,80.2,Yes
EMP1545,Operations,35,826000,11,41.2,97.7,Yes
EMP1546,HR,24,763000,4,47.9,58.3,No
EMP1547,Finance,35,955000,9,45.5,77.7,No
EMP1548,Operations,41,838000,3,39.8,54.3,No
EMP1549,Marketing,24,859000,6,46.0,58.9,No
EMP1550,Sales,42,1027000,4,45.5,75.2,Yes
EMP1551,Sales,39,924000,4,42.2,69.9,Yes
EMP1552,Finance,23,966000,5,42.4,72.4,No
EMP1553,Sales,27,822000,4,36.8,55.1,No
EMP1554,Operations,21,775000,7,43.4,75.4,No
EMP1555,Marketing,50,1102000,7,46.2,92.2,Yes
EMP1556,Sales,31,923000,13,45.7,79.2,Yes
EMP1557,IT,35,1077000,5,39.8,67.2,Yes
EMP1558,Sales,41,996000,9,47.1,77.8,No
EMP1559,IT,43,1045000,8,49.8,86.2,Yes
EMP1560,HR,39,967000,4,40.2,73.2,No
EMP1561,Sales,32,867000,8,45.2,87.8,Yes
EMP1562,Operations,31,849000,7,39.4,69.5,No
EMP1563,Finance,44,1136000,1,49.7,64.9,No
EMP1564,Finance,42,1315000,7,42.8,83.8,No
EMP1565,Operations,47,1034000,5,41.6,71.6,Yes
EMP1566,Sales,32,1029000,5,47.3,81.3,No
EMP1567,IT,28,1062000,7,42.1,61.6,Yes
EMP1568,Finance,34,1177000,9,44.5,85.4,Yes
EMP1569,HR,22,787000,3,40.2,69.7,No
EMP1570,IT,32,977000,9,49.7,76.0,No
EMP1571,Marketing,28,899000,11,44.6,76.6,Yes
EMP1572,Marketing,21,671000,6,46.1,80.8,No
EMP1573,Operations,46,1078000,6,50.5,89.2,Yes
EMP1574,Operations,49,962000,8,46.2,69.2,No
EMP1575,Finance,25,919000,7,43.9,70.0,Yes
EMP1576,HR,21,664000,7,42.1,71.3,No
EMP1577,Finance,40,940000,7,37.9,69.5,No
EMP1578,Operations,28,842000,5,33.4,42.4,No
EMP1579,Operations,30,959000,7,46.5,72.1,No
EMP1580,Operations,29,918000,8,43.7,87.4,No
EMP1581,HR,38,981000,5,38.5,64.7,No
EMP1582,HR,33,994000,7,46.0,76.4,No
EMP1583,HR,33,927000,8,43.7,84.1,Yes
EMP1584,Sales,30,847000,7,46.4,71.7,Yes
EMP1585,IT,34,956000,8,43.0,80.3,Yes
EMP1586,Finance,31,1079000,7,43.4,63.5,No
EMP1587,Operations,29,797000,5,52.1,65.5,No
EMP1588,Operations,49,976000,6,35.5,78.4,Yes
EMP1589,IT,32,961000,9,45.8,78.0,No
EMP1590,HR,34,844000,5,48.3,83.4,No
EMP1591,IT,22,1056000,6,54.4,74.6,No
EMP1592,IT,23,924000,10,34.6,66.8,No
EMP1593,IT,33,1103000,6,34.9,61.7,No
EMP1594,Sales,21,687000,9,41.5,74.7,Yes
EMP1595,Finance,49,1083000,5,37.8,83.9,Yes
EMP1596,Finance,31,1059000,7,45.7,64.7,No
EMP1597,IT,32,1039000,8,40.0,67.7,No
EMP1598,HR,35,753000,7,44.1,71.1,No
EMP1599,HR,34,813000,7,51.8,87.6,Yes
EMP1600,Sales,21,708000,5,37.0,57.8,No
EMP1601,Sales,29,918000,3,46.3,60.5,Yes
EMP1602,Marketing,32,1037000,7,43.4,70.4,No
EMP1603,Marketing,21,823000,7,43.4,71.6,No
EMP1604,HR,45,940000,0,41.2,60.5,No
EMP1605,Sales,26,958000,6,46.2,67.0,No
EMP1606,Operations,40,853000,3,44.8,73.4,No
EMP1607,HR,47,1087000,4,30.6,60.8,No
EMP1608,Finance,28,957000,2,42.0,60.0,No
EMP1609,Sales,21,800000,6,47.3,75.4,No
EMP1610,Sales,38,1018000,5,45.3,63.4,No
EMP1611,IT,40,975000,6,31.8,75.4,Yes
EMP1612,Sales,35,966000,3,45.6,68.0,Yes
EMP1613,Sales,21,892000,6,48.8,75.2,No
EMP1614,Operations,42,1142000,6,40.6,73.7,No
EMP1615,IT,49,1153000,6,37.1,79.6,No
EMP1616,HR,37,1000000,3,42.9,66.8,No
EMP1617,IT,29,933000,5,48.0,71.7,No
EMP1618,Sales,33,822000,13,50.5,88.6,No
EMP1619,Marketing,39,1033000,7,46.5,76.4,No
EMP1620,HR,21,544000,5,49.1,68.2,No
EMP1621,Sales,28,791000,5,50.9,80.2,No
EMP1622,Operations,36,853000,6,31.5,56.3,No
EMP1623,Sales,32,1070000,12,48.4,85.8,No
EMP1624,Marketing,30,1117000,7,47.4,70.0,No
EMP1625,IT,34,1002000,9,52.2,95.6,No
EMP1626,IT,24,849000,8,37.6,71.9,No
EMP1627,Sales,31,903000,11,46.1,83.3,No
EMP1628,Finance,29,950000,8,50.6,80.2,No
EMP1629,Sales,37,967000,4,48.8,78.9,Yes
EMP1630,IT,42,998000,3,37.4,73.3,No
EMP1631,Operations,33,844000,5,52.8,78.6,No
EMP1632,IT,40,964000,6,42.7,79.2,No
EMP1633,HR,40,899000,8,43.4,77.1,Yes
EMP1634,Finance,22,917000,4,42.2,57.2,No
EMP1635,Sales,42,1137000,5,42.6,67.0,No
EMP1636,IT,28,621000,7,47.4,62.7,No
EMP1637,Sales,36,1064000,7,39.8,82.6,No
EMP1638,Operations,28,682000,5,43.6,65.3,No
EMP1639,IT,44,1093000,5,44.3,76.4,Yes
EMP1640,Marketing,31,935000,4,46.5,65.3,No
EMP1641,Operations,39,805000,5,43.1,61.5,No
EMP1642,IT,30,933000,8,51.3,85.1,No
EMP1643,IT,22,968000,6,38.0,68.3,No
EMP1644,Operations,45,1152000,3,38.8,77.9,No
EMP1645,Finance,38,1055000,5,41.9,76.7,No
EMP1646,IT,33,930000,6,42.6,74.7,Yes
EMP1647,Finance,28,1054000,5,48.5,73.1,Yes
EMP1648,Marketing,42,931000,4,42.8,70.3,No
EMP1649,Marketing,34,840000,4,42.4,73.4,No
EMP1650,Operations,33,912000,7,48.3,74.3,Yes
EMP1651,Finance,40,901000,6,39.0,73.8,No
EMP1652,IT,35,1116000,3,47.5,73.7,No
EMP1653,IT,30,1114000,7,46.0,81.2,Yes
EMP1654,IT,34,1089000,8,43.8,71.9,No
EMP1655,HR,29,710000,8,39.0,67.2,No
EMP1656,Operations,31,854000,8,35.3,58.9,No
EMP1657,HR,41,801000,3,38.9,69.8,No
EMP1658,IT,25,1022000,4,46.1,58.2,No
EMP1659,HR,28,691000,3,46.4,74.0,No
EMP1660,Finance,42,1018000,7,45.5,86.7,No
EMP1661,Sales,47,1176000,3,48.3,75.2,No
EMP1662,HR,21,903000,6,40.9,60.7,No
EMP1663,Operations,44,1023000,7,42.1,80.2,No
EMP1664,Marketing,31,812000,9,41.0,70.1,No
EMP1665,Finance,30,899000,5,45.7,69.7,No
EMP1666,Marketing,35,904000,7,45.8,93.2,Yes
EMP1667,IT,35,948000,8,45.0,75.8,Yes
EMP1668,Finance,44,1167000,3,41.5,74.8,Yes
EMP1669,Sales,35,801000,8,39.2,77.4,Yes
EMP1670,Sales,46,936000,12,54.8,95.1,Yes
EMP1671,Marketing,33,923000,8,46.0,78.6,No
EMP1672,Operations,44,978000,8,55.1,96.0,Yes
EMP1673,IT,32,1153000,7,46.1,66.9,Yes
EMP1674,Finance,33,1079000,3,47.8,70.2,No
EMP1675,Finance,27,1039000,8,50.3,76.4,Yes
EMP1676,Finance,26,998000,6,37.6,52.0,No
EMP1677,Marketing,33,982000,5,40.5,65.0,No
EMP1678,Marketing,28,729000,12,48.6,91.6,Yes
EMP1679,HR,35,891000,8,46.1,77.0,Yes
EMP1680,HR,36,1059000,4,49.4,69.3,Yes
EMP1681,Finance,21,1028000,9,41.9,84.0,Yes
EMP1682,Sales,31,1064000,10,52.3,81.5,Yes
EMP1683,HR,35,825000,8,49.1,83.5,Yes
EMP1684,HR,34,741000,5,47.1,77.2,Yes
EMP1685,Sales,41,852000,6,45.9,72.6,No
EMP1686,Marketing,38,1046000,6,43.3,82.6,Yes
EMP1687,Marketing,30,1008000,5,41.4,64.6,No
EMP1688,Marketing,34,884000,8,41.6,79.3,No
EMP1689,Operations,22,906000,9,41.2,81.9,Yes
EMP1690,Operations,41,657000,4,45.7,59.2,No
EMP1691,Sales,27,960000,9,46.6,73.5,Yes
EMP1692,Sales,28,921000,8,43.2,75.9,No
EMP1693,Finance,35,976000,8,44.1,81.3,Yes
EMP1694,HR,28,937000,5,48.7,67.9,No
EMP1695,IT,32,1047000,12,49.8,84.1,Yes
EMP1696,IT,45,1074000,6,49.1,91.0,Yes
EMP1697,Operations,31,874000,6,43.8,71.5,Yes
EMP1698,Sales,24,902000,10,48.3,79.3,No
EMP1699,Finance,36,1106000,8,54.0,93.1,No
EMP1700,Operations,22,813000,4,37.5,66.9,No
EMP1701,Marketing,32,1006000,5,43.6,74.5,No
EMP1702,Marketing,37,1074000,7,37.0,81.0,No
EMP1703,Operations,40,882000,7,32.4,57.1,No
EMP1704,Finance,45,1031000,8,44.0,77.3,No
EMP1705,Operations,28,940000,7,43.3,70.4,No
EMP1706,Sales,21,758000,8,46.0,82.0,No
EMP1707,Finance,29,931000,7,42.8,63.7,No
EMP1708,IT,38,927000,6,48.3,84.4,Yes
EMP1709,Finance,27,873000,5,46.4,56.8,No
EMP1710,Sales,22,835000,11,45.1,74.4,No
EMP1711,IT,42,1012000,5,44.1,77.8,Yes
EMP1712,IT,26,1038000,8,47.7,73.6,Yes
EMP1713,Marketing,38,944000,7,39.3,70.3,Yes
EMP1714,Operations,30,872000,6,40.5,62.5,Yes
EMP1715,Sales,37,999000,11,52.8,87.9,Yes
EMP1716,Operations,21,887000,5,30.0,54.3,No
EMP1717,Marketing,34,918000,5,46.3,65.6,Yes
EMP1718,Finance,37,876000,8,41.5,72.9,Yes
EMP1719,IT,31,891000,10,47.9,91.8,Yes
EMP1720,Marketing,28,1058000,8,43.6,68.2,No
EMP1721,Marketing,40,1033000,7,45.8,64.5,Yes
EMP1722,Marketing,22,1031000,7,47.7,78.4,No
EMP1723,HR,32,699000,5,41.2,64.1,No
EMP1724,Operations,26,896000,4,46.7,64.0,No
EMP1725,IT,24,882000,3,36.5,60.9,No
EMP1726,Marketing,40,1053000,12,43.8,72.8,No
EMP1727,IT,40,1099000,6,46.1,66.7,Yes
EMP1728,IT,37,1064000,2,43.0,61.1,No
EMP1729,IT,22,911000,8,50.9,74.0,Yes
EMP1730,Marketing,29,857000,8,47.0,80.8,Yes
EMP1731,IT,34,933000,10,41.0,70.0,No
EMP1732,HR,23,760000,8,44.2,64.8,No
EMP1733,Sales,35,930000,9,42.5,68.6,Yes
EMP1734,Marketing,28,957000,5,39.5,61.2,No
EMP1735,Sales,37,862000,6,37.3,80.7,No
EMP1736,IT,42,1047000,4,39.4,77.6,Yes
EMP1737,Sales,37,965000,7,42.4,69.1,Yes
EMP1738,Finance,35,990000,10,43.0,91.6,No
EMP1739,Marketing,35,642000,7,38.2,72.5,No
EMP1740,Marketing,23,825000,7,35.1,83.2,No
EMP1741,Marketing,52,1075000,4,42.3,79.0,Yes
EMP1742,Marketing,31,827000,8,42.8,75.8,Yes
EMP1743,Operations,31,991000,7,47.5,68.9,Yes
EMP1744,IT,31,976000,8,40.6,68.6,No
EMP1745,HR,43,1112000,5,45.7,73.6,No
EMP1746,Marketing,25,831000,6,34.0,57.5,No
EMP1747,IT,47,1214000,9,42.4,91.7,Yes
EMP1748,IT,31,953000,10,41.0,76.2,No
EMP1749,Marketing,41,788000,7,45.8,85.8,Yes
EMP1750,Finance,32,944000,9,41.5,75.6,Yes
EMP1751,Finance,24,842000,9,48.1,65.6,No
EMP1752,IT,28,1161000,5,39.2,74.6,No
EMP1753,Finance,53,1144000,6,37.8,70.4,Yes
EMP1754,Marketing,35,952000,7,46.5,78.6,No
EMP1755,Operations,33,707000,7,46.0,75.9,No
EMP1756,Marketing,46,1045000,7,39.8,72.7,Yes
EMP1757,Operations,37,875000,8,43.8,71.2,Yes
EMP1758,Sales,30,947000,9,52.6,78.9,No
EMP1759,Operations,35,942000,9,45.5,70.5,No
EMP1760,Marketing,33,814000,11,44.2,89.1,Yes
EMP1761,HR,32,739000,10,43.8,85.6,Yes
EMP1762,Sales,21,941000,7,49.0,76.8,No
EMP1763,Marketing,23,905000,8,50.5,77.9,Yes
EMP1764,Marketing,28,855000,10,45.0,65.5,No
EMP1765,Operations,24,719000,10,49.0,74.1,No
EMP1766,IT,25,897000,11,34.8,72.2,Yes
EMP1767,Operations,34,853000,5,40.9,69.1,No
EMP1768,IT,33,1127000,8,52.1,71.9,No
EMP1769,Operations,45,1037000,6,44.8,83.3,No
EMP1770,Sales,31,924000,12,42.7,81.6,Yes
EMP1771,Finance,35,934000,6,46.9,65.9,Yes
EMP1772,Marketing,34,984000,7,41.0,69.6,No
EMP1773,Marketing,34,864000,12,44.3,77.3,Yes
EMP1774,Operations,52,1181000,3,45.7,72.1,No
EMP1775,Marketing,40,1005000,8,47.1,81.8,No
EMP1776,IT,38,1000000,13,47.9,100.0,Yes
EMP1777,Sales,42,1152000,4,45.5,74.2,No
EMP1778,Finance,34,1111000,12,46.4,84.2,Yes
EMP1779,IT,31,1027000,7,41.0,70.5,Yes
EMP1780,Sales,45,1117000,7,36.7,74.3,Yes
EMP1781,Sales,25,949000,6,41.2,65.6,No
EMP1782,Sales,50,1098000,8,52.8,80.1,No
EMP1783,IT,26,892000,6,48.6,85.7,No
EMP1784,HR,48,1004000,2,37.9,64.1,No
EMP1785,Sales,28,846000,10,46.4,84.6,Yes
EMP1786,Sales,41,1015000,8,42.2,70.2,Yes
EMP1787,IT,37,1202000,11,44.9,87.1,Yes
EMP1788,HR,44,1055000,6,44.7,68.7,Yes
EMP1789,Sales,21,818000,9,41.6,72.5,Yes
EMP1790,Operations,50,906000,10,35.4,77.1,No
EMP1791,Finance,26,953000,3,43.7,72.5,Yes
EMP1792,IT,27,1039000,11,45.9,74.1,Yes
EMP1793,Marketing,34,1057000,5,44.7,63.0,Yes
EMP1794,IT,35,1050000,9,47.8,84.2,Yes
EMP1795,IT,35,926000,10,40.7,80.3,No
EMP1796,Marketing,32,860000,6,45.9,79.6,Yes
EMP1797,Operations,35,859000,7,41.5,60.4,No
EMP1798,Operations,35,914000,8,47.6,66.1,No
EMP1799,Sales,22,869000,6,46.8,69.7,No
EMP1800,Sales,31,990000,6,43.1,73.1,Yes
EMP1801,Operations,29,831000,7,50.1,82.6,Yes
EMP1802,HR,36,934000,3,37.6,46.9,No
EMP1803,Finance,37,1119000,10,45.6,78.8,Yes
EMP1804,Marketing,25,854000,4,47.1,74.5,No
EMP1805,Marketing,48,1188000,6,56.5,88.3,Yes
EMP1806,Finance,39,997000,7,39.4,68.6,No
EMP1807,Finance,26,922000,4,39.4,62.9,No
EMP1808,Operations,21,671000,9,46.2,74.3,No
EMP1809,Sales,27,890000,6,39.5,75.5,No
EMP1810,IT,33,1033000,9,46.5,79.2,Yes
EMP1811,IT,38,1110000,8,39.9,70.2,Yes
EMP1812,Sales,36,1153000,8,38.2,76.3,Yes
EMP1813,Operations,21,773000,5,37.3,62.8,No
EMP1814,Marketing,46,1107000,6,34.9,74.8,Yes
EMP1815,Finance,27,1073000,7,51.2,75.0,Yes
EMP1816,Sales,33,916000,4,49.6,62.3,No
EMP1817,IT,25,839000,13,39.4,83.0,Yes
EMP1818,IT,37,1132000,4,46.7,65.4,No
EMP1819,Sales,21,801000,5,51.9,69.2,No
EMP1820,IT,36,1034000,10,59.0,99.5,No
EMP1821,Sales,37,1109000,5,45.1,67.1,No
EMP1822,HR,37,1174000,0,42.0,62.6,No
EMP1823,Sales,27,858000,5,53.1,75.4,No
EMP1824,Operations,40,1009000,3,39.4,69.3,Yes
EMP1825,HR,29,954000,5,37.3,61.5,Yes
EMP1826,Marketing,24,922000,7,49.1,91.3,Yes
EMP1827,Sales,38,773000,8,47.4,86.2,No
EMP1828,Sales,33,916000,9,49.0,74.6,No
EMP1829,Operations,23,868000,3,42.0,61.1,No
EMP1830,Operations,48,866000,5,48.6,80.2,No
EMP1831,Operations,21,791000,3,39.2,61.8,No
EMP1832,Finance,27,775000,8,50.3,73.8,Yes
EMP1833,Finance,33,955000,5,49.7,88.1,No
EMP1834,Sales,38,967000,10,44.9,79.4,Yes
EMP1835,Sales,52,1116000,6,31.8,73.6,No
EMP1836,IT,43,1044000,7,43.6,69.7,Yes
EMP1837,Operations,41,830000,3,43.2,68.5,No
EMP1838,IT,36,1244000,6,41.0,72.9,Yes
EMP1839,Finance,29,942000,2,37.3,61.0,No
EMP1840,IT,27,1056000,5,50.6,72.2,No
EMP1841,Sales,38,1131000,10,45.9,86.1,Yes
EMP1842,IT,33,962000,3,39.9,75.3,No
EMP1843,IT,21,916000,5,46.8,60.2,No
EMP1844,Finance,21,1077000,15,50.6,90.1,Yes
EMP1845,Marketing,21,799000,7,44.9,63.3,Yes
EMP1846,Sales,38,1063000,7,45.5,70.6,No
EMP1847,HR,33,1011000,3,41.1,68.4,No
EMP1848,Sales,29,712000,6,37.8,69.5,No
EMP1849,Operations,33,955000,5,43.1,77.1,No
EMP1850,Sales,41,1049000,9,45.5,67.9,Yes
EMP1851,HR,34,680000,4,44.9,66.1,No
EMP1852,Operations,37,925000,11,49.5,70.6,Yes
EMP1853,Finance,30,1018000,6,47.2,75.9,Yes
EMP1854,IT,34,1015000,7,56.5,81.3,Yes
EMP1855,Finance,42,912000,5,44.7,83.1,No
EMP1856,Sales,26,907000,7,47.9,73.6,Yes
EMP1857,IT,36,1046000,7,30.0,62.5,Yes
EMP1858,Marketing,38,783000,5,49.2,81.9,No
EMP1859,Sales,39,1051000,6,46.7,83.6,No
EMP1860,Operations,33,830000,9,43.3,83.6,Yes
EMP1861,Operations,29,809000,7,45.6,74.8,No
EMP1862,Marketing,31,838000,8,44.9,68.5,Yes
EMP1863,HR,44,911000,8,50.7,94.8,No
EMP1864,IT,37,1109000,5,38.8,65.5,No
EMP1865,HR,39,1060000,5,45.8,68.7,Yes
EMP1866,Sales,41,926000,6,41.3,77.4,No
EMP1867,Operations,37,909000,7,45.1,82.2,No
EMP1868,Sales,42,1013000,2,47.2,82.9,No
EMP1869,Sales,29,870000,13,43.0,82.6,No
EMP1870,Operations,33,873000,5,39.6,63.6,No
EMP1871,Marketing,27,908000,9,51.4,75.9,Yes
EMP1872,Marketing,36,895000,3,39.5,66.7,No
EMP1873,HR,25,897000,5,45.6,67.1,No
EMP1874,IT,47,1160000,6,49.5,95.0,Yes
EMP1875,IT,32,1021000,4,45.8,78.1,Yes
EMP1876,Marketing,36,982000,7,42.2,71.4,Yes
EMP1877,Operations,29,763000,6,44.4,62.6,No
EMP1878,Operations,41,996000,7,50.9,84.8,No
EMP1879,IT,35,1019000,5,47.4,72.9,No
EMP1880,Operations,41,1014000,4,44.5,54.7,No
EMP1881,IT,31,960000,3,32.7,64.0,No
EMP1882,Marketing,27,789000,5,39.9,69.1,No
EMP1883,Finance,23,870000,5,50.1,75.7,No
EMP1884,IT,21,1002000,9,41.3,78.1,No
EMP1885,Marketing,30,979000,5,41.9,64.2,Yes
EMP1886,Sales,33,925000,9,45.6,71.0,Yes
EMP1887,Operations,34,986000,7,40.7,62.1,No
EMP1888,Operations,45,930000,5,41.6,64.5,No
EMP1889,IT,31,1160000,11,45.4,85.6,Yes
EMP1890,IT,26,1107000,7,45.9,85.9,Yes
EMP1891,HR,33,934000,6,42.6,62.7,No
EMP1892,Operations,31,916000,3,34.4,53.0,No
EMP1893,Finance,30,922000,8,47.5,80.0,No
EMP1894,IT,27,956000,7,46.0,80.2,Yes
EMP1895,Finance,36,969000,7,46.0,84.3,Yes
EMP1896,Finance,27,892000,9,44.9,89.2,No
EMP1897,HR,36,763000,2,43.1,58.5,No
EMP1898,HR,47,1110000,9,46.2,81.9,Yes
EMP1899,Finance,34,877000,3,47.4,63.6,No
EMP1900,Operations,32,850000,5,50.4,79.5,No
EMP1901,IT,38,943000,5,44.7,79.0,Yes
EMP1902,Marketing,29,805000,5,47.5,77.3,No
EMP1903,Sales,30,899000,6,52.4,79.0,Yes
EMP1904,Marketing,28,936000,8,37.3,78.7,Yes
EMP1905,Sales,32,919000,7,40.5,55.4,No
EMP1906,Sales,40,1059000,4,41.1,70.8,No
EMP1907,Operations,21,727000,4,35.5,67.6,No
EMP1908,Marketing,35,889000,6,38.9,65.5,No
EMP1909,Marketing,32,933000,5,50.2,82.2,No
EMP1910,Finance,30,930000,7,37.1,66.7,No
EMP1911,Marketing,40,1087000,7,41.9,82.3,No
EMP1912,Finance,21,962000,9,43.3,83.7,Yes
EMP1913,HR,21,649000,8,38.7,60.1,No
EMP1914,IT,43,1188000,3,49.0,65.9,No
EMP1915,Finance,21,795000,6,41.7,58.7,No
EMP1916,Sales,26,791000,4,46.2,73.3,Yes
EMP1917,Marketing,25,742000,5,43.9,75.5,No
EMP1918,Finance,26,876000,8,47.9,71.8,No
EMP1919,Finance,45,1060000,8,35.4,80.0,Yes
EMP1920,IT,44,1074000,6,44.8,85.6,Yes
EMP1921,Finance,32,905000,8,43.5,75.4,No
EMP1922,IT,27,986000,6,45.4,72.7,No
EMP1923,HR,41,857000,8,40.2,64.8,No
EMP1924,Operations,37,891000,5,47.6,76.2,No
EMP1925,Operations,36,726000,3,32.3,60.8,No
EMP1926,Sales,34,1033000,5,40.5,83.6,No
EMP1927,IT,25,897000,5,45.7,74.2,No
EMP1928,Sales,32,866000,5,48.0,72.2,Yes
EMP1929,Finance,21,921000,5,51.4,82.1,No
EMP1930,Marketing,37,1046000,2,42.7,57.6,No
EMP1931,Sales,21,740000,7,48.2,85.6,No
EMP1932,Finance,21,982000,8,45.5,68.2,Yes
EMP1933,IT,37,981000,6,47.2,92.0,Yes
EMP1934,HR,42,866000,8,46.9,84.0,No
EMP1935,Operations,37,976000,5,37.5,69.7,No
EMP1936,Sales,39,872000,7,43.6,81.1,No
EMP1937,IT,39,1085000,7,40.9,87.6,Yes
EMP1938,Finance,30,914000,6,47.6,74.8,No
EMP1939,Marketing,48,855000,6,46.3,73.5,No
EMP1940,Sales,51,1084000,4,44.6,83.3,Yes
EMP1941,IT,27,1022000,7,41.6,84.3,Yes
EMP1942,HR,40,909000,3,41.2,74.7,No
EMP1943,IT,33,1022000,4,40.3,69.5,No
EMP1944,Marketing,34,780000,8,42.5,73.6,Yes
EMP1945,Sales,33,854000,6,46.2,77.5,No
EMP1946,HR,30,835000,5,39.3,60.1,No
EMP1947,IT,37,1201000,8,45.6,82.2,Yes
EMP1948,IT,25,1116000,7,44.3,69.2,Yes
EMP1949,Finance,32,953000,6,52.1,75.1,Yes
EMP1950,Marketing,38,1007000,8,42.1,66.4,No
EMP1951,Marketing,36,895000,8,53.9,74.1,Yes
EMP1952,Marketing,29,992000,7,39.8,77.6,No
EMP1953,Sales,31,797000,5,33.8,60.9,No
EMP1954,IT,44,1137000,4,56.3,70.1,Yes
EMP1955,IT,44,987000,12,42.9,89.4,Yes
EMP1956,IT,30,990000,4,45.6,78.2,No
EMP1957,HR,30,796000,7,47.5,68.7,Yes
EMP1958,Sales,39,989000,13,47.3,88.8,No
EMP1959,Operations,28,850000,2,36.0,46.9,No
EMP1960,Sales,42,908000,6,44.9,84.2,No
EMP1961,Finance,26,849000,6,46.5,68.9,No
EMP1962,Sales,43,924000,3,46.4,78.8,No
EMP1963,IT,40,946000,7,43.6,83.5,No
EMP1964,Sales,26,840000,8,45.1,87.2,No
EMP1965,Sales,21,871000,7,41.8,76.5,No
EMP1966,Marketing,47,1022000,5,46.1,78.6,Yes
EMP1967,Sales,36,1092000,7,42.0,72.6,Yes
EMP1968,HR,35,728000,5,35.6,73.0,No
EMP1969,Marketing,36,891000,10,49.5,83.8,Yes
EMP1970,Sales,39,897000,5,44.0,68.2,No
EMP1971,Operations,37,932000,5,41.7,73.7,No
EMP1972,Finance,27,868000,9,48.6,78.6,No
EMP1973,Finance,32,927000,7,39.8,74.1,Yes
EMP1974,Finance,32,1055000,9,43.2,85.3,Yes
EMP1975,Operations,43,900000,3,44.1,72.2,No
EMP1976,Finance,40,905000,4,44.3,56.3,No
EMP1977,Operations,35,1052000,12,47.1,100.0,Yes
EMP1978,Sales,45,1008000,5,47.8,85.3,Yes
EMP1979,IT,24,931000,11,44.8,76.9,Yes
EMP1980,Sales,31,916000,2,40.5,73.0,No
EMP1981,IT,21,908000,10,60.0,92.9,Yes
EMP1982,IT,39,1088000,4,43.0,79.0,Yes
EMP1983,Marketing,46,1074000,6,39.9,73.2,Yes
EMP1984,Finance,41,1024000,8,54.2,87.6,Yes
EMP1985,Sales,26,941000,7,37.5,60.6,No
EMP1986,Sales,32,951000,6,41.5,60.5,Yes
EMP1987,Operations,44,1069000,6,39.6,70.5,No
EMP1988,Operations,45,1112000,6,40.6,82.3,Yes
EMP1989,Sales,30,744000,11,46.0,71.5,No
EMP1990,Finance,25,977000,10,46.7,92.5,Yes
EMP1991,Sales,26,890000,4,39.7,67.2,No
EMP1992,Operations,35,907000,5,47.6,78.1,No
EMP1993,Operations,42,908000,9,45.0,82.7,Yes
EMP1994,Marketing,34,803000,9,41.4,64.0,No
EMP1995,HR,35,968000,6,44.2,67.5,No
EMP1996,Finance,33,1031000,5,45.3,71.9,No
EMP1997,Operations,36,931000,3,46.6,63.2,No
EMP1998,Finance,38,917000,4,39.2,81.1,No
EMP1999,Operations,28,947000,11,43.4,74.2,Yes
EMP2000,IT,40,1277000,7,47.3,84.0,Yes
EMP2001,Marketing,46,1053000,6,47.7,81.1,Yes
EMP2002,Operations,39,897000,5,51.0,79.6,No
EMP2003,Sales,21,805000,9,50.3,65.6,No
EMP2004,HR,30,774000,6,48.2,85.2,Yes
EMP2005,IT,31,1041000,9,51.0,89.9,Yes
EMP2006,IT,36,1152000,6,41.2,75.1,Yes
EMP2007,IT,24,825000,4,44.0,68.9,No
EMP2008,IT,32,1202000,9,44.9,80.2,Yes
EMP2009,Finance,30,920000,3,40.5,58.7,Yes
EMP2010,IT,30,1118000,9,52.1,84.4,Yes
EMP2011,Sales,34,1070000,5,41.4,64.2,No
EMP2012,Finance,30,746000,7,51.5,83.3,No
EMP2013,Operations,33,928000,6,44.1,72.9,No
EMP2014,IT,38,1027000,3,40.9,71.3,No
EMP2015,Sales,27,817000,2,39.9,51.6,No
EMP2016,IT,50,1200000,9,43.3,88.6,Yes
EMP2017,HR,21,700000,5,40.1,63.6,No
EMP2018,IT,39,1199000,6,36.1,69.2,Yes
EMP2019,Finance,52,1273000,8,38.4,64.7,Yes
EMP2020,Marketing,42,857000,5,41.5,83.6,Yes
EMP2021,Marketing,39,918000,9,46.3,85.1,Yes
EMP2022,Sales,26,961000,8,36.6,79.6,Yes
EMP2023,Sales,39,903000,11,47.1,93.6,Yes
EMP2024,HR,37,959000,6,42.0,69.2,Yes
EMP2025,IT,26,999000,8,44.2,72.9,No
EMP2026,IT,43,1191000,10,45.4,81.2,No
EMP2027,Marketing,31,911000,11,48.3,69.4,No
EMP2028,Operations,41,851000,8,38.0,73.3,No
EMP2029,Operations,35,868000,6,42.5,79.4,Yes
EMP2030,HR,27,615000,8,43.1,98.7,No
EMP2031,Marketing,45,822000,8,34.4,66.3,No
EMP2032,Finance,42,923000,5,50.5,83.7,No
EMP2033,Finance,27,822000,6,46.6,68.6,No
EMP2034,Operations,52,1019000,3,43.2,78.8,No
EMP2035,Operations,39,994000,9,43.7,78.0,Yes
EMP2036,Sales,30,872000,8,47.7,82.9,Yes
EMP2037,Operations,28,746000,6,49.1,67.8,No
EMP2038,Finance,30,860000,5,47.6,79.9,No
EMP2039,Marketing,38,864000,6,41.7,84.3,Yes
EMP2040,Sales,34,938000,7,48.3,76.5,No
EMP2041,Sales,41,979000,8,38.0,73.4,No
EMP2042,Operations,35,837000,3,42.9,69.6,No
EMP2043,IT,47,1178000,6,40.4,76.2,Yes
EMP2044,IT,37,1121000,8,48.1,84.4,Yes
EMP2045,Operations,45,922000,5,43.2,60.2,No
EMP2046,Marketing,24,850000,9,42.8,80.7,No
EMP2047,IT,33,945000,6,44.2,71.4,No
EMP2048,Sales,47,1121000,2,34.4,70.0,No
EMP2049,HR,28,700000,2,44.9,63.9,No
EMP2050,Sales,45,1099000,9,46.1,74.5,Yes
EMP2051,Finance,37,1057000,7,50.2,81.8,Yes
EMP2052,Sales,44,1002000,6,47.9,87.0,Yes
EMP2053,Sales,23,925000,5,38.7,58.9,No
EMP2054,Finance,41,1062000,3,39.3,72.6,Yes
EMP2055,Finance,24,957000,9,44.8,75.5,Yes
EMP2056,Operations,49,873000,3,44.9,72.5,No
EMP2057,Marketing,25,800000,5,46.2,78.1,No
EMP2058,Finance,39,1056000,6,44.3,62.8,Yes
EMP2059,Sales,36,1077000,6,51.6,70.6,No
EMP2060,Sales,36,960000,3,43.7,74.0,No
EMP2061,Marketing,30,920000,5,41.1,70.7,No
EMP2062,Sales,35,931000,11,45.4,91.0,Yes
EMP2063,Finance,35,872000,3,33.0,63.0,No
EMP2064,IT,36,961000,7,38.3,74.1,Yes
EMP2065,Sales,32,1031000,1,43.3,69.2,No
EMP2066,Finance,30,969000,4,40.8,68.7,No
EMP2067,IT,41,1065000,8,44.3,84.0,Yes
EMP2068,IT,30,1024000,9,48.4,73.9,Yes
EMP2069,Finance,41,1135000,10,42.9,88.4,No
EMP2070,Marketing,22,825000,9,35.7,67.4,No
EMP2071,Finance,27,951000,7,42.9,77.7,Yes
EMP2072,IT,39,1149000,12,53.1,100.0,Yes
EMP2073,Finance,36,994000,7,40.4,75.1,No
EMP2074,Operations,34,961000,3,41.4,54.9,No
EMP2075,Sales,40,1019000,6,40.6,71.0,Yes
EMP2076,HR,38,852000,8,46.8,59.9,No
EMP2077,Sales,30,762000,7,43.7,86.9,Yes
EMP2078,IT,30,1018000,13,49.3,91.0,Yes
EMP2079,Operations,37,1024000,7,53.2,82.2,No
EMP2080,Operations,45,872000,5,36.5,69.3,No
EMP2081,Finance,40,1032000,5,39.1,69.7,No
EMP2082,Finance,28,1065000,6,52.4,85.4,Yes
EMP2083,IT,48,1225000,7,32.5,72.2,Yes
EMP2084,Operations,21,908000,8,47.4,70.2,No
EMP2085,Sales,39,994000,5,36.1,70.3,Yes
EMP2086,Finance,31,933000,6,43.0,66.3,Yes
EMP2087,Finance,21,944000,8,46.7,89.9,No
EMP2088,Finance,38,1150000,4,46.7,64.3,No
EMP2089,Finance,27,1062000,8,50.0,72.5,Yes
EMP2090,Operations,44,1076000,6,42.6,82.2,Yes
EMP2091,IT,34,1164000,7,44.6,75.5,Yes
EMP2092,Operations,28,787000,6,53.3,79.9,Yes
EMP2093,IT,42,1203000,8,50.3,94.2,Yes
EMP2094,Sales,34,911000,7,41.9,72.9,No
EMP2095,Operations,27,882000,11,55.5,93.9,No
EMP2096,Sales,29,861000,6,44.1,73.0,No
EMP2097,IT,21,1071000,6,47.6,72.5,Yes
EMP2098,HR,38,940000,6,51.0,74.6,No
EMP2099,Marketing,40,820000,7,44.8,81.0,Yes
EMP2100,Operations,29,1067000,6,45.0,85.0,No
EMP2101,Sales,38,983000,9,47.6,94.9,No
EMP2102,Finance,41,1009000,7,39.1,78.5,Yes
EMP2103,Sales,25,762000,1,51.2,61.1,No
EMP2104,IT,36,1134000,9,46.0,86.8,Yes
EMP2105,HR,26,669000,2,43.3,69.4,No
EMP2106,Finance,40,988000,7,39.3,67.6,No
EMP2107,Marketing,38,1011000,10,42.8,67.9,No
EMP2108,Finance,35,932000,11,46.5,92.4,Yes
EMP2109,Finance,47,1100000,4,48.3,75.6,No
EMP2110,Operations,38,908000,12,46.6,86.4,No
EMP2111,IT,43,1053000,7,47.4,76.5,Yes
EMP2112,Sales,38,966000,8,45.4,74.4,No
EMP2113,HR,34,946000,6,39.3,81.3,No
EMP2114,Finance,41,1033000,4,42.7,75.8,No
EMP2115,Finance,42,1141000,9,37.8,67.2,Yes
EMP2116,IT,25,816000,5,41.7,64.1,No
EMP2117,Sales,32,941000,9,43.5,76.2,Yes
EMP2118,Marketing,32,886000,5,43.9,69.8,No
EMP2119,Sales,25,838000,7,40.2,68.4,No
EMP2120,IT,47,1091000,9,46.1,85.5,Yes
EMP2121,IT,44,1031000,6,52.2,82.1,No
EMP2122,IT,23,862000,7,43.4,69.3,No
EMP2123,IT,42,1022000,8,42.3,88.4,Yes
EMP2124,Finance,48,1071000,6,44.5,64.0,No
EMP2125,IT,25,1029000,8,45.5,76.5,No
EMP2126,Marketing,34,892000,4,37.9,60.1,No
EMP2127,Sales,45,1010000,7,43.5,80.0,No
EMP2128,IT,21,995000,10,51.0,83.5,Yes
EMP2129,IT,42,1149000,9,49.2,97.6,Yes
EMP2130,IT,40,1016000,8,43.7,84.2,No
EMP2131,IT,35,850000,7,47.2,92.1,No
EMP2132,Operations,37,840000,5,34.8,69.5,Yes
EMP2133,HR,27,996000,6,35.9,70.1,No
EMP2134,Marketing,29,834000,2,53.3,75.8,No
EMP2135,Sales,38,976000,10,47.0,83.3,Yes
EMP2136,Finance,37,1074000,2,47.0,70.7,No
EMP2137,Marketing,36,1038000,9,52.3,82.8,Yes
EMP2138,Marketing,28,792000,3,43.9,70.7,No
EMP2139,Sales,23,811000,5,46.9,69.9,No
EMP2140,Sales,27,889000,3,44.2,74.1,No
EMP2141,Operations,42,879000,8,41.6,69.8,No
EMP2142,HR,33,881000,7,39.7,71.1,No
EMP2143,Sales,29,912000,5,46.3,75.5,Yes
EMP2144,Finance,32,1189000,10,54.7,83.8,Yes
EMP2145,Finance,38,1130000,5,50.1,71.9,No
EMP2146,Marketing,36,1089000,3,40.3,55.4,Yes
EMP2147,IT,42,1084000,11,44.7,84.0,No
EMP2148,Operations,32,973000,7,46.4,67.2,No
EMP2149,Operations,41,891000,6,45.2,66.2,No
EMP2150,Finance,37,979000,3,44.6,79.1,No
EMP2151,Operations,49,838000,8,52.1,73.2,No
EMP2152,Marketing,21,746000,4,39.7,63.1,No
EMP2153,Sales,35,922000,5,40.9,76.4,No
EMP2154,IT,45,1086000,6,41.3,78.3,No
EMP2155,IT,32,1085000,8,44.2,70.5,Yes
EMP2156,Finance,32,890000,4,44.3,75.9,No
EMP2157,IT,38,1082000,6,45.1,86.0,No
EMP2158,Finance,28,1086000,13,41.7,79.6,Yes
EMP2159,Marketing,31,762000,5,39.1,54.4,No
EMP2160,Operations,45,1086000,8,45.3,73.4,Yes
EMP2161,Marketing,25,919000,5,37.2,68.8,No
EMP2162,IT,21,1054000,12,44.5,88.3,Yes
EMP2163,Sales,35,1016000,7,49.0,79.3,Yes
EMP2164,HR,33,796000,8,47.3,83.9,No
EMP2165,Finance,33,1055000,6,41.6,81.8,Yes
EMP2166,Operations,38,1004000,1,45.0,63.1,No
EMP2167,Finance,36,967000,6,43.7,70.2,No
EMP2168,HR,27,839000,3,35.4,55.5,No
EMP2169,Operations,41,1021000,11,41.8,92.0,Yes
EMP2170,Marketing,32,946000,5,44.4,67.8,No
EMP2171,Sales,25,876000,5,46.3,64.2,No
EMP2172,Operations,45,1214000,1,49.9,76.2,No
EMP2173,Marketing,24,800000,6,44.8,71.4,No
EMP2174,HR,37,679000,5,46.5,71.7,No
EMP2175,Finance,32,993000,7,45.4,69.2,No
EMP2176,Marketing,36,796000,8,41.9,63.7,Yes
EMP2177,Marketing,34,984000,8,43.8,79.6,Yes
EMP2178,Marketing,38,978000,4,42.6,67.9,No
EMP2179,IT,27,892000,10,53.5,84.1,No
EMP2180,Finance,44,1042000,8,45.3,81.6,Yes
EMP2181,Marketing,34,913000,6,41.4,70.1,No
EMP2182,Sales,35,946000,9,48.0,86.2,Yes
EMP2183,HR,27,833000,6,40.2,76.5,No
EMP2184,Operations,39,921000,9,49.3,83.2,Yes
EMP2185,Sales,28,899000,10,49.1,87.2,Yes
EMP2186,Marketing,45,1060000,3,49.5,64.7,No
EMP2187,Sales,30,1091000,4,44.1,69.2,No
EMP2188,IT,24,1128000,6,46.8,74.3,No
EMP2189,HR,52,1009000,3,48.3,90.1,Yes
EMP2190,Finance,40,1074000,11,39.1,82.6,No
EMP2191,Sales,40,954000,6,41.9,68.2,No
EMP2192,Marketing,34,919000,11,39.6,89.4,Yes
EMP2193,Operations,21,818000,4,42.6,71.0,No
EMP2194,Sales,33,934000,8,46.5,82.3,Yes
EMP2195,Marketing,24,750000,9,43.0,62.5,No
EMP2196,Operations,31,959000,9,45.7,76.7,Yes
EMP2197,Operations,21,770000,12,31.1,71.2,No
EMP2198,IT,33,930000,11,48.3,93.1,No
EMP2199,Finance,34,1123000,6,49.2,70.3,No
EMP2200,Sales,36,1128000,4,46.3,78.0,Yes
EMP2201,Sales,29,1066000,5,40.8,77.5,No
EMP2202,HR,21,604000,8,49.4,69.2,No
EMP2203,HR,42,867000,6,45.0,71.4,No
EMP2204,IT,23,1007000,8,54.2,75.1,No
EMP2205,Sales,32,951000,5,47.7,73.9,No
EMP2206,IT,35,968000,9,47.5,80.1,No
EMP2207,HR,26,874000,5,44.5,64.3,No
EMP2208,IT,21,914000,7,44.5,67.0,No
EMP2209,IT,46,1072000,9,40.3,83.3,No
EMP2210,Marketing,30,898000,5,44.1,73.1,No
EMP2211,Sales,42,986000,7,48.9,64.6,No
EMP2212,Finance,42,986000,4,42.5,64.0,No
EMP2213,Sales,28,862000,11,42.1,83.3,Yes
EMP2214,HR,21,636000,5,48.5,75.5,No
EMP2215,HR,36,941000,4,50.9,76.3,No
EMP2216,Operations,35,678000,5,44.1,68.3,No
EMP2217,Sales,21,857000,4,43.8,65.7,No
EMP2218,Finance,29,1126000,5,39.5,72.7,No
EMP2219,HR,28,793000,6,41.7,80.7,Yes
EMP2220,Finance,40,1152000,10,37.9,89.0,Yes
EMP2221,Finance,27,1077000,15,50.8,98.7,Yes
EMP2222,HR,35,744000,9,43.3,61.0,No
EMP2223,Sales,33,1002000,2,42.4,65.7,Yes
EMP2224,IT,39,1093000,8,47.1,79.2,No
EMP2225,Operations,38,845000,4,43.8,70.7,No
EMP2226,Marketing,25,766000,4,35.1,65.1,No
EMP2227,Operations,21,649000,6,37.8,59.7,No
EMP2228,Operations,38,1086000,6,44.6,70.7,No
EMP2229,IT,35,876000,8,46.6,62.9,No
EMP2230,HR,39,920000,4,48.7,75.8,No
EMP2231,Finance,30,1072000,11,35.6,63.9,Yes
EMP2232,HR,34,868000,4,44.8,69.8,No
EMP2233,Finance,26,927000,5,44.2,76.2,No
EMP2234,Sales,28,948000,6,41.9,66.8,Yes
EMP2235,Operations,27,711000,9,44.8,73.3,No
EMP2236,IT,37,1080000,6,49.0,62.2,No
EMP2237,HR,35,998000,6,48.7,76.2,Yes
EMP2238,IT,44,1159000,7,39.5,74.0,Yes
EMP2239,Finance,33,972000,9,46.7,80.7,Yes
EMP2240,Marketing,43,1093000,5,48.4,99.1,Yes
EMP2241,IT,45,1109000,4,49.0,83.8,No
EMP2242,IT,40,1192000,5,37.3,80.9,Yes
EMP2243,IT,31,1112000,6,46.9,84.1,No
EMP2244,Marketing,44,994000,4,48.4,84.5,Yes
EMP2245,Marketing,39,943000,10,50.0,94.2,Yes
EMP2246,IT,40,1082000,8,42.1,81.2,Yes
EMP2247,Sales,32,825000,7,37.5,73.2,No
EMP2248,Sales,43,1066000,7,36.8,77.4,Yes
EMP2249,Sales,41,1135000,7,47.0,70.4,Yes
EMP2250,Sales,24,859000,10,39.1,73.5,No
EMP2251,IT,35,1288000,6,36.1,66.1,Yes
EMP2252,HR,44,1120000,7,46.0,79.3,No
EMP2253,HR,40,873000,6,41.3,70.9,No
EMP2254,Sales,42,1210000,6,35.8,60.8,Yes
EMP2255,Finance,35,855000,2,45.0,68.3,No
EMP2256,Marketing,41,1058000,4,46.7,76.8,No
EMP2257,Finance,22,776000,1,45.7,69.2,No
EMP2258,IT,24,843000,11,52.4,95.2,Yes
EMP2259,Operations,41,925000,5,36.5,62.4,No
EMP2260,Sales,42,1060000,6,42.5,79.7,No
EMP2261,Sales,33,932000,7,46.3,90.0,Yes
EMP2262,Operations,30,643000,6,45.0,84.1,No
EMP2263,Sales,31,918000,6,43.5,76.1,Yes
EMP2264,IT,35,1154000,8,40.2,82.9,Yes
EMP2265,HR,30,791000,6,36.8,63.5,No
EMP2266,Marketing,28,851000,5,43.1,57.5,No
EMP2267,IT,33,878000,4,44.4,81.4,No
EMP2268,HR,35,1063000,6,43.5,51.6,No
EMP2269,Marketing,38,1131000,6,37.5,72.2,Yes
EMP2270,Finance,35,945000,2,38.4,56.8,No
EMP2271,HR,41,843000,3,37.3,57.3,No
EMP2272,Operations,40,1025000,8,37.2,82.6,Yes
EMP2273,IT,23,764000,8,48.1,82.1,No
EMP2274,IT,37,1005000,10,47.4,66.5,No
EMP2275,HR,38,757000,7,40.4,74.1,No
EMP2276,HR,21,841000,2,44.8,68.1,Yes
EMP2277,Operations,37,1048000,12,50.1,91.0,Yes
EMP2278,Sales,41,1340000,9,46.3,79.5,Yes
EMP2279,Sales,24,842000,9,46.2,78.2,No
EMP2280,IT,38,1194000,10,48.2,88.0,Yes
EMP2281,Operations,36,1038000,3,38.0,63.7,No
EMP2282,IT,30,855000,7,43.6,78.9,No
EMP2283,Operations,25,772000,6,44.6,58.8,No
EMP2284,Marketing,22,820000,5,35.7,60.3,No
EMP2285,Sales,34,970000,5,37.5,63.8,Yes
EMP2286,IT,32,1124000,5,40.7,71.8,No
EMP2287,Sales,31,913000,8,38.3,84.4,No
EMP2288,Sales,25,883000,2,41.9,50.4,No
EMP2289,Operations,31,942000,8,45.5,77.1,No
EMP2290,Sales,39,863000,7,46.1,73.4,No
EMP2291,Finance,37,974000,4,39.9,72.7,No
EMP2292,Sales,36,857000,9,44.9,79.2,No
EMP2293,Sales,51,1067000,2,35.4,45.4,No
EMP2294,IT,44,1186000,10,43.7,92.7,Yes
EMP2295,Marketing,29,779000,6,43.2,74.6,No
EMP2296,Marketing,47,903000,9,49.2,99.0,Yes
EMP2297,IT,32,981000,9,37.5,68.1,Yes
EMP2298,Sales,43,1102000,6,45.1,79.5,Yes
EMP2299,Finance,47,1258000,3,42.6,66.6,Yes
EMP2300,Sales,41,991000,12,52.1,99.1,Yes
EMP2301,IT,29,1173000,7,43.7,73.4,No
EMP2302,IT,28,1128000,10,47.6,66.6,No
EMP2303,Finance,32,957000,5,51.1,78.0,Yes
EMP2304,IT,30,1157000,4,54.8,78.9,No
EMP2305,Sales,35,924000,8,47.1,84.7,Yes
EMP2306,Operations,44,998000,7,50.4,90.4,Yes
EMP2307,Sales,43,1130000,7,39.3,83.5,Yes
EMP2308,Operations,27,566000,7,49.9,90.0,No
EMP2309,Marketing,32,907000,8,44.0,76.1,Yes
EMP2310,Operations,40,919000,7,38.3,67.2,No
EMP2311,Finance,46,1088000,13,49.1,94.3,Yes
EMP2312,Finance,45,1241000,4,39.2,61.9,No
EMP2313,Operations,37,857000,8,39.2,78.2,No
EMP2314,Marketing,37,916000,5,49.3,78.4,Yes
EMP2315,Finance,28,953000,5,45.3,76.2,No
EMP2316,IT,36,1073000,7,55.3,91.5,Yes
EMP2317,Finance,21,942000,6,38.8,79.5,No
EMP2318,HR,35,853000,3,45.4,71.9,No
EMP2319,IT,46,1161000,7,38.1,66.6,Yes
EMP2320,Finance,47,1093000,3,45.9,71.2,No
EMP2321,Finance,38,1204000,5,39.2,72.0,Yes
EMP2322,Sales,25,761000,9,53.5,77.8,No
EMP2323,IT,32,1070000,6,45.8,76.7,Yes
EMP2324,IT,34,1189000,10,44.4,93.2,Yes
EMP2325,Marketing,26,869000,8,42.7,74.1,No
EMP2326,Operations,26,937000,6,41.0,72.4,No
EMP2327,Marketing,24,651000,4,37.9,62.4,No
EMP2328,Operations,23,687000,10,46.2,67.9,No
EMP2329,Finance,28,1077000,6,49.0,68.4,Yes
EMP2330,HR,31,749000,3,39.5,51.0,No
EMP2331,IT,43,1095000,12,46.2,100.0,Yes
EMP2332,Operations,33,923000,4,40.5,66.1,Yes
EMP2333,Sales,31,934000,9,44.1,74.0,Yes
EMP2334,IT,34,1020000,4,45.2,67.6,Yes
EMP2335,IT,34,1141000,13,45.6,100.0,Yes
EMP2336,HR,34,753000,8,54.2,90.8,No
EMP2337,Marketing,32,905000,9,47.7,89.2,No
EMP2338,Marketing,35,917000,4,43.6,61.2,No
EMP2339,IT,26,927000,8,44.0,87.7,Yes
EMP2340,Sales,29,997000,13,42.8,79.4,Yes
EMP2341,Sales,33,831000,5,41.8,68.9,No
EMP2342,Sales,39,1016000,7,51.7,85.5,Yes
EMP2343,IT,53,1270000,5,54.2,76.3,Yes
EMP2344,Marketing,32,1126000,6,48.7,70.1,Yes
EMP2345,Finance,29,1006000,6,45.7,81.6,No
EMP2346,HR,24,723000,5,36.5,68.3,Yes
EMP2347,Finance,30,885000,4,39.2,62.8,No
EMP2348,HR,29,773000,6,45.2,64.6,No
EMP2349,Marketing,42,874000,5,38.3,77.1,No
EMP2350,IT,37,1083000,7,36.6,75.6,Yes
EMP2351,IT,39,1095000,5,38.9,58.8,No
EMP2352,Marketing,34,1178000,5,41.5,66.7,No
EMP2353,Sales,25,863000,5,34.6,76.9,Yes
EMP2354,HR,41,1103000,5,37.2,70.1,Yes
EMP2355,IT,32,938000,11,49.9,98.6,Yes
EMP2356,Operations,24,702000,3,38.2,43.7,No
EMP2357,Sales,34,811000,1,42.9,63.1,No
EMP2358,HR,42,972000,2,43.8,67.9,No
EMP2359,Sales,30,748000,5,43.8,78.3,Yes
EMP2360,HR,38,789000,4,35.6,66.9,No
EMP2361,IT,36,951000,5,36.7,60.3,No
EMP2362,HR,39,1028000,8,46.9,84.8,Yes
EMP2363,Sales,21,984000,9,43.0,78.6,Yes
EMP2364,Sales,37,868000,8,45.9,83.8,No
EMP2365,Finance,32,1135000,5,43.3,64.1,No
EMP2366,Operations,39,900000,3,44.3,69.6,No
EMP2367,Operations,22,713000,6,46.9,65.9,No
EMP2368,HR,32,849000,3,45.3,71.9,No
EMP2369,Marketing,42,986000,8,44.3,93.6,No
EMP2370,Operations,25,820000,10,44.0,77.7,Yes
EMP2371,Operations,26,802000,6,43.8,70.8,No
EMP2372,HR,41,1031000,3,36.9,60.6,No
EMP2373,Sales,32,939000,6,40.5,63.1,No
EMP2374,Operations,27,803000,4,48.8,69.1,No
EMP2375,IT,29,962000,4,45.9,74.5,No
EMP2376,Operations,36,913000,6,38.2,71.8,Yes
EMP2377,Marketing,32,790000,7,43.8,70.2,Yes
EMP2378,Operations,21,632000,5,50.9,69.7,Yes
EMP2379,Finance,26,813000,4,40.7,61.9,No
EMP2380,IT,40,1137000,8,40.6,70.6,Yes
EMP2381,IT,35,1026000,9,54.1,78.2,Yes
EMP2382,IT,43,1017000,10,41.9,79.2,Yes
EMP2383,HR,48,966000,5,44.2,78.0,Yes
EMP2384,Operations,24,679000,2,42.5,70.6,No
EMP2385,Finance,36,1015000,2,41.9,62.1,No
EMP2386,Finance,38,1046000,6,50.1,81.4,Yes
EMP2387,IT,41,1278000,6,41.1,85.7,Yes
EMP2388,Sales,28,1074000,6,48.0,73.7,No
EMP2389,Marketing,46,999000,6,38.6,76.8,No
EMP2390,Sales,47,1056000,4,40.8,79.4,No
EMP2391,HR,24,584000,5,42.8,58.7,No
EMP2392,Marketing,38,947000,7,45.4,70.6,No
EMP2393,Finance,32,891000,10,43.7,72.0,No
EMP2394,Operations,29,867000,5,44.0,51.9,No
EMP2395,IT,30,889000,3,42.1,66.3,No
EMP2396,HR,33,744000,3,43.2,68.3,No
EMP2397,Operations,29,635000,9,51.5,85.0,No
EMP2398,Operations,38,920000,3,34.1,68.8,Yes
EMP2399,Operations,45,989000,9,40.6,74.2,Yes
EMP2400,Sales,36,983000,3,46.6,70.6,No
EMP2401,Finance,41,1122000,6,37.6,54.9,No
EMP2402,Operations,34,953000,6,47.2,70.0,Yes
EMP2403,Operations,46,1001000,4,45.3,59.9,No
EMP2404,Marketing,34,867000,4,41.8,65.2,No
EMP2405,Marketing,24,859000,10,46.1,80.4,Yes
EMP2406,Marketing,43,924000,7,41.4,64.8,No
EMP2407,Sales,33,909000,12,60.0,98.2,Yes
EMP2408,Sales,41,937000,9,43.4,81.4,Yes
EMP2409,Marketing,27,964000,8,46.0,73.9,No
EMP2410,Marketing,42,948000,9,50.4,75.2,Yes
EMP2411,HR,32,987000,4,46.8,69.3,No
EMP2412,Sales,30,952000,6,40.4,58.2,Yes
EMP2413,Operations,33,853000,4,51.4,63.0,Yes
EMP2414,IT,21,1164000,5,45.1,71.0,No
EMP2415,IT,31,956000,4,42.2,66.2,Yes
EMP2416,Finance,34,1217000,4,42.5,74.4,No
EMP2417,Marketing,40,1098000,6,46.7,78.1,No
EMP2418,Finance,30,975000,6,50.8,81.4,No
EMP2419,Marketing,26,834000,11,51.5,81.5,Yes
EMP2420,HR,28,916000,5,41.7,52.8,No
EMP2421,Operations,35,835000,7,44.5,66.8,No
EMP2422,Operations,24,774000,5,41.8,64.9,No
EMP2423,IT,38,1167000,8,46.7,91.9,Yes
EMP2424,Finance,28,1030000,5,51.2,76.0,No
EMP2425,Operations,33,767000,5,43.0,56.9,No
EMP2426,Finance,32,932000,6,45.9,61.0,Yes
EMP2427,HR,33,802000,7,45.6,76.9,Yes
EMP2428,Sales,23,931000,7,40.6,59.8,No
EMP2429,Operations,38,1032000,9,55.8,94.3,Yes
EMP2430,IT,30,956000,5,49.7,70.5,No
EMP2431,IT,38,1043000,8,45.9,79.7,Yes
EMP2432,Operations,36,735000,7,35.9,73.1,No
EMP2433,Marketing,30,703000,8,55.5,79.6,No
EMP2434,Marketing,28,790000,4,41.7,74.4,No
EMP2435,IT,29,867000,7,45.2,81.3,No
EMP2436,IT,33,1258000,3,44.2,63.7,Yes
EMP2437,HR,32,907000,3,42.6,70.8,No
EMP2438,Finance,26,1032000,10,51.5,81.8,Yes
EMP2439,Marketing,25,959000,4,44.3,69.6,No
EMP2440,Sales,31,748000,3,48.9,77.2,No
EMP2441,Finance,37,1009000,11,50.6,90.1,Yes
EMP2442,Sales,27,921000,7,46.9,87.1,No
EMP2443,IT,35,979000,9,40.1,72.9,Yes
EMP2444,Sales,40,1076000,5,40.6,72.1,Yes
EMP2445,Finance,28,1168000,4,42.6,59.6,No
EMP2446,IT,34,1003000,7,37.0,83.2,No
EMP2447,Marketing,38,1021000,6,37.6,71.0,No
EMP2448,IT,28,931000,7,42.3,74.6,No
EMP2449,Finance,32,992000,10,52.6,93.6,Yes
EMP2450,Finance,27,901000,8,44.7,67.7,No
EMP2451,Marketing,44,1083000,6,44.5,76.2,Yes
EMP2452,Operations,35,805000,6,44.3,59.3,No
EMP2453,Finance,40,1008000,4,42.7,72.4,No
EMP2454,Sales,35,920000,7,44.7,65.2,No
EMP2455,HR,39,964000,4,45.2,69.1,No
EMP2456,Finance,37,1044000,5,43.3,80.2,Yes
EMP2457,Finance,39,929000,6,49.4,84.0,Yes
EMP2458,IT,31,986000,4,46.9,70.4,No
EMP2459,Sales,47,1026000,5,52.5,84.0,Yes
EMP2460,Finance,42,1150000,8,44.9,82.7,Yes
EMP2461,HR,35,709000,4,45.7,70.3,No
EMP2462,Operations,28,1022000,1,39.2,62.8,No
EMP2463,IT,28,934000,2,49.3,73.8,No
EMP2464,Marketing,30,787000,6,39.8,72.1,No
EMP2465,Finance,35,1083000,11,51.0,92.5,Yes
EMP2466,IT,35,1083000,8,48.8,75.7,No
EMP2467,Sales,35,1036000,6,42.7,70.9,No
EMP2468,Finance,37,914000,9,54.1,92.1,No
EMP2469,Marketing,21,684000,9,41.7,77.2,No
EMP2470,Finance,53,1194000,3,40.6,81.6,Yes
EMP2471,Finance,22,924000,5,49.3,69.8,No
EMP2472,Operations,34,924000,9,47.0,73.5,Yes
EMP2473,Operations,28,817000,4,47.4,68.7,No
EMP2474,Operations,21,780000,6,44.4,65.5,Yes
EMP2475,HR,36,901000,3,34.7,61.1,No
EMP2476,IT,43,1143000,8,45.5,79.7,No
EMP2477,HR,40,831000,7,47.6,79.3,No
EMP2478,IT,43,1200000,11,49.4,89.9,Yes
EMP2479,Operations,34,965000,2,48.1,57.2,No
EMP2480,Finance,42,1166000,8,37.4,61.7,Yes
EMP2481,Marketing,40,1036000,5,42.8,56.4,No
EMP2482,Finance,25,949000,5,43.9,67.3,No
EMP2483,Finance,28,1000000,11,43.2,90.3,Yes
EMP2484,Sales,38,943000,6,40.2,74.1,No
EMP2485,IT,30,1047000,9,45.3,76.9,Yes
EMP2486,Marketing,24,690000,4,46.2,61.9,No
EMP2487,Sales,39,1076000,6,40.5,64.9,No
EMP2488,HR,33,877000,7,46.8,77.2,No
EMP2489,Operations,48,1119000,6,32.3,69.2,Yes
EMP2490,Marketing,21,594000,7,44.4,67.9,No
EMP2491,Finance,34,776000,7,47.4,80.8,No
EMP2492,Operations,35,922000,3,38.7,54.1,No
EMP2493,HR,33,778000,5,44.1,74.3,No
EMP2494,IT,49,1243000,12,46.1,86.3,Yes
EMP2495,Finance,31,909000,4,40.7,73.8,No
EMP2496,Operations,29,838000,8,45.7,78.8,No
EMP2497,IT,28,915000,7,41.7,74.3,Yes
EMP2498,HR,25,700000,7,54.8,84.2,No
EMP2499,Sales,34,763000,3,44.3,67.7,No
EMP2500,Operations,28,835000,1,40.7,49.1,No
EMP2501,Sales,31,813000,8,41.2,75.5,No
EMP2502,Operations,38,845000,4,45.3,70.7,No
EMP2503,Sales,38,755000,5,34.9,64.3,Yes
EMP2504,Operations,31,929000,9,49.0,81.4,Yes
EMP2505,IT,38,981000,4,48.0,79.1,No
EMP2506,Finance,38,1171000,3,37.5,59.8,Yes
EMP2507,Finance,44,1125000,6,44.8,69.8,No
EMP2508,IT,27,1074000,11,49.6,88.6,Yes
EMP2509,Marketing,28,765000,7,44.2,68.4,No
EMP2510,Finance,29,1146000,7,45.5,67.9,Yes
EMP2511,Sales,41,894000,3,40.9,66.5,No
EMP2512,Finance,45,1202000,10,44.0,82.3,Yes
EMP2513,Sales,41,1099000,3,36.1,77.6,No
EMP2514,IT,32,878000,6,45.2,79.4,Yes
EMP2515,IT,25,904000,10,42.9,84.9,Yes
EMP2516,Operations,39,915000,8,47.5,85.9,No
EMP2517,Marketing,34,911000,3,35.1,55.6,No
EMP2518,Operations,42,790000,10,50.1,73.5,No
EMP2519,Operations,43,834000,6,43.3,64.8,No
EMP2520,IT,33,1091000,5,48.7,75.2,No
EMP2521,Operations,22,907000,6,42.9,63.6,No
EMP2522,Finance,32,925000,8,37.0,62.1,No
EMP2523,Sales,42,1154000,9,46.0,82.2,Yes
EMP2524,Finance,27,814000,8,41.1,71.9,No
EMP2525,Sales,28,902000,10,41.2,68.0,Yes
EMP2526,Sales,49,1040000,5,43.1,89.9,Yes
EMP2527,IT,46,1026000,11,41.8,94.4,Yes
EMP2528,Marketing,31,873000,4,36.6,50.7,No
EMP2529,Sales,39,920000,12,48.9,92.0,No
EMP2530,Finance,37,903000,9,47.8,82.5,Yes
EMP2531,Marketing,32,965000,9,47.3,84.1,Yes
EMP2532,Marketing,31,1020000,2,47.2,62.8,No
EMP2533,HR,32,834000,6,43.3,80.7,Yes
EMP2534,Operations,34,830000,5,47.9,72.8,No
EMP2535,HR,35,839000,6,42.3,70.1,No
EMP2536,Finance,35,1011000,14,40.5,87.0,Yes
EMP2537,IT,38,900000,8,44.4,76.2,Yes
EMP2538,Finance,30,998000,6,46.2,72.5,No
EMP2539,IT,35,1075000,2,43.7,65.9,No
EMP2540,Operations,40,770000,3,43.7,72.7,No
EMP2541,Sales,46,1111000,3,40.6,62.7,No
EMP2542,Finance,27,767000,5,40.9,66.5,No
EMP2543,Operations,50,1060000,2,40.2,62.6,No
EMP2544,Sales,33,770000,8,43.6,77.3,No
EMP2545,Operations,27,892000,6,43.2,56.3,No
EMP2546,HR,41,879000,6,42.2,70.8,No
EMP2547,Marketing,21,910000,4,46.6,72.7,No
EMP2548,Operations,35,801000,7,40.7,61.0,No
EMP2549,HR,24,770000,2,44.8,64.8,No
EMP2550,Finance,24,815000,8,48.9,75.4,No
EMP2551,HR,34,817000,9,40.3,76.8,Yes
EMP2552,Operations,44,796000,7,36.3,68.1,No
EMP2553,IT,31,1052000,7,45.3,70.4,Yes
EMP2554,Marketing,54,1095000,5,43.2,81.7,No
EMP2555,IT,30,985000,7,45.3,71.8,No
EMP2556,Marketing,27,963000,5,40.4,65.6,No
EMP2557,IT,43,1185000,4,41.5,82.0,Yes
EMP2558,Sales,24,909000,13,39.3,80.2,No
EMP2559,Sales,42,1024000,11,47.6,81.7,Yes
EMP2560,Marketing,31,890000,6,43.7,87.0,Yes
EMP2561,Operations,30,942000,7,39.8,58.7,No
EMP2562,Sales,26,912000,9,49.8,79.5,No
EMP2563,IT,47,1185000,9,44.1,73.7,Yes
EMP2564,HR,25,806000,5,45.9,66.2,No
EMP2565,Operations,34,809000,6,39.6,63.3,No
EMP2566,IT,23,1031000,5,48.9,76.0,No
EMP2567,IT,38,1113000,9,39.8,69.7,Yes
EMP2568,Marketing,36,1072000,5,42.7,71.9,No
EMP2569,Operations,32,684000,10,45.3,83.9,No
EMP2570,IT,35,1198000,8,43.8,81.2,Yes
EMP2571,Sales,43,864000,4,39.9,58.9,No
EMP2572,Marketing,35,748000,2,42.3,52.5,No
EMP2573,IT,37,1131000,6,42.7,81.2,No
EMP2574,IT,33,1047000,8,47.0,95.3,No
EMP2575,IT,26,1181000,7,39.9,78.5,No
EMP2576,HR,34,729000,10,34.5,79.2,No
EMP2577,HR,39,886000,6,48.1,66.4,No
EMP2578,Marketing,29,859000,8,38.0,65.4,No
EMP2579,Marketing,33,990000,8,49.3,70.8,No
EMP2580,Sales,45,932000,11,46.0,96.5,Yes
EMP2581,Sales,29,949000,3,39.8,65.8,No
EMP2582,Marketing,45,1027000,10,47.5,71.7,Yes
EMP2583,Operations,28,863000,7,41.0,57.0,No
EMP2584,IT,31,831000,8,42.6,91.1,No
EMP2585,Sales,33,1065000,7,40.1,71.7,No
EMP2586,IT,32,993000,1,49.3,73.8,No
EMP2587,Finance,49,1075000,7,51.3,87.5,No
EMP2588,Sales,29,868000,12,51.0,80.8,Yes
EMP2589,Marketing,25,913000,12,48.6,91.7,Yes
EMP2590,Finance,40,1056000,6,46.9,81.9,No
EMP2591,IT,35,1295000,4,44.6,77.6,Yes
EMP2592,Sales,36,778000,6,48.2,75.6,Yes
EMP2593,HR,35,842000,10,51.1,82.7,Yes
EMP2594,Finance,39,867000,3,44.5,73.5,No
EMP2595,Finance,43,1029000,6,43.4,69.6,No
EMP2596,Operations,43,878000,3,42.4,72.4,Yes
EMP2597,IT,28,869000,6,51.9,75.5,No
EMP2598,Marketing,37,851000,4,36.0,57.5,No
EMP2599,Finance,39,957000,11,51.3,77.8,No
EMP2600,Operations,31,727000,4,42.9,66.7,No
EMP2601,Operations,28,821000,6,45.0,62.9,No
EMP2602,Sales,37,1076000,6,41.0,69.9,No
EMP2603,Finance,30,1068000,3,40.5,67.7,No
EMP2604,Sales,33,925000,11,45.5,82.6,No
EMP2605,Finance,29,1034000,7,51.8,89.1,Yes
EMP2606,Finance,22,891000,3,52.4,72.8,No
EMP2607,IT,42,1145000,4,44.3,67.5,No
EMP2608,Finance,21,999000,7,47.7,60.0,No
EMP2609,HR,51,1168000,3,40.0,73.8,Yes
EMP2610,Finance,36,1202000,6,40.1,61.3,No
EMP2611,Finance,33,954000,9,51.3,77.7,Yes
EMP2612,Operations,30,793000,5,40.9,66.3,No
EMP2613,Sales,30,1013000,5,37.6,59.3,No
EMP2614,Operations,32,1076000,6,37.0,56.9,No
EMP2615,HR,44,987000,4,40.5,56.5,No
EMP2616,Finance,24,867000,7,34.5,55.6,No
EMP2617,Sales,27,890000,5,32.7,63.1,No
EMP2618,Finance,49,1091000,5,35.3,78.9,Yes
EMP2619,Finance,27,952000,7,45.1,82.0,No
EMP2620,Finance,24,1018000,9,50.2,75.8,Yes
EMP2621,Sales,29,842000,12,40.7,87.9,No
EMP2622,Marketing,26,693000,3,42.9,69.7,No
EMP2623,Finance,24,934000,5,47.0,87.0,No
EMP2624,Marketing,38,993000,7,43.3,79.6,No
EMP2625,Sales,37,1132000,9,47.6,86.3,Yes
EMP2626,Finance,37,939000,5,45.5,72.6,No
EMP2627,Operations,28,847000,6,47.3,67.9,No
EMP2628,Sales,46,997000,7,45.9,77.4,Yes
EMP2629,Sales,42,1141000,5,44.8,66.6,No
EMP2630,IT,31,991000,6,45.0,76.4,No
EMP2631,Finance,37,965000,7,52.1,90.8,Yes
EMP2632,Sales,47,1097000,2,38.0,66.1,No
EMP2633,IT,22,1191000,4,50.2,68.6,No
EMP2634,Operations,41,867000,1,43.0,67.5,No
EMP2635,Sales,39,921000,3,43.8,65.3,No
EMP2636,Finance,45,1055000,7,42.8,64.1,No
EMP2637,IT,35,960000,7,46.1,79.5,Yes
EMP2638,HR,24,704000,5,41.9,77.9,No
EMP2639,Finance,40,1192000,8,44.1,78.9,Yes
EMP2640,Operations,27,847000,9,42.5,87.7,Yes
EMP2641,Finance,34,897000,6,49.3,77.1,No
EMP2642,Marketing,21,924000,12,38.2,63.2,No
EMP2643,HR,26,679000,5,37.1,65.4,No
EMP2644,Marketing,34,1018000,5,42.5,64.5,No
EMP2645,Sales,30,695000,5,44.3,66.5,No
EMP2646,Sales,24,703000,4,46.2,52.8,No
EMP2647,Operations,37,1032000,7,52.3,66.6,No
EMP2648,IT,38,1113000,7,37.0,78.4,Yes
EMP2649,Finance,39,1119000,7,48.1,81.7,Yes
EMP2650,IT,33,929000,9,42.6,84.4,No
EMP2651,Sales,32,1089000,8,43.1,67.0,No
EMP2652,Finance,46,1086000,7,45.0,87.8,Yes
EMP2653,HR,28,822000,6,39.6,88.0,No
EMP2654,Finance,31,959000,3,52.7,75.0,No
EMP2655,Sales,21,971000,6,36.3,66.9,No
EMP2656,Operations,32,784000,1,47.4,58.8,Yes
EMP2657,HR,33,853000,6,37.9,62.2,No
EMP2658,IT,31,1098000,11,49.8,80.6,Yes
EMP2659,Marketing,34,830000,11,47.8,89.0,Yes
EMP2660,IT,44,1165000,7,46.4,81.3,Yes
EMP2661,Operations,21,741000,6,46.0,68.5,No
EMP2662,IT,41,1159000,7,37.5,74.1,No
EMP2663,Operations,42,915000,10,43.5,78.8,No
EMP2664,Sales,46,999000,5,49.2,72.9,No
EMP2665,Finance,38,1066000,3,37.6,62.2,No
EMP2666,IT,55,1449000,8,51.0,87.5,Yes
EMP2667,Finance,33,1112000,5,45.4,64.3,No
EMP2668,HR,23,762000,3,40.2,71.3,No
EMP2669,Sales,41,937000,7,49.5,85.5,Yes
EMP2670,IT,39,1016000,8,52.5,94.0,Yes
EMP2671,Finance,31,926000,2,41.5,64.2,No
EMP2672,Operations,40,874000,4,37.3,70.5,Yes
EMP2673,Marketing,30,947000,5,50.0,80.3,No
EMP2674,Operations,42,966000,5,37.2,52.1,No
EMP2675,Marketing,34,991000,4,35.1,52.5,No
EMP2676,Operations,25,920000,10,47.2,69.3,No
EMP2677,Marketing,34,967000,3,40.7,67.0,No
EMP2678,IT,33,811000,7,38.4,74.3,No
EMP2679,IT,21,1030000,7,44.7,81.9,No
EMP2680,Finance,34,951000,8,35.8,67.9,No
EMP2681,IT,34,1032000,8,33.7,75.1,No
EMP2682,HR,26,925000,3,50.4,50.3,No
EMP2683,Operations,35,886000,6,44.7,58.3,No
EMP2684,Marketing,38,952000,6,39.9,72.9,No
EMP2685,Marketing,28,838000,5,48.2,79.4,No
EMP2686,Operations,33,886000,6,46.3,70.1,Yes
EMP2687,Sales,37,898000,6,39.4,67.9,No
EMP2688,Operations,35,969000,6,47.1,71.7,No
EMP2689,Marketing,28,796000,6,44.5,72.7,No
EMP2690,Finance,35,1038000,3,37.8,75.6,No
EMP2691,IT,42,1149000,14,50.5,100.0,Yes
EMP2692,Finance,32,1133000,4,37.9,63.5,No
EMP2693,IT,40,1137000,5,41.6,75.6,No
EMP2694,Operations,32,854000,5,44.7,69.8,Yes
EMP2695,IT,43,995000,11,47.2,84.5,No
EMP2696,Finance,46,1047000,7,48.6,84.4,Yes
EMP2697,IT,45,1144000,4,34.5,65.2,Yes
EMP2698,HR,30,754000,4,45.6,75.3,No
EMP2699,Finance,37,814000,8,47.5,77.2,Yes
EMP2700,Sales,21,833000,6,49.0,85.7,No
EMP2701,IT,40,1049000,3,40.6,77.8,No
EMP2702,IT,43,960000,10,49.9,81.8,Yes
EMP2703,IT,27,975000,6,40.9,72.6,No
EMP2704,Finance,38,1033000,8,48.0,74.6,Yes
EMP2705,Marketing,37,1009000,5,37.5,66.9,Yes
EMP2706,Sales,29,843000,14,46.3,100.0,Yes
EMP2707,HR,32,889000,5,43.1,68.3,No
EMP2708,Sales,21,952000,9,45.6,74.9,No
EMP2709,IT,35,1203000,10,45.4,88.1,Yes
EMP2710,Sales,27,823000,2,37.0,58.4,No
EMP2711,Finance,42,835000,7,41.5,82.5,Yes
EMP2712,Finance,37,1229000,7,46.1,69.7,Yes
EMP2713,Marketing,32,1171000,9,54.6,74.5,Yes
EMP2714,Marketing,41,904000,9,39.0,78.1,No
EMP2715,IT,38,1045000,11,35.0,87.6,Yes
EMP2716,HR,38,890000,3,35.7,66.9,Yes
EMP2717,IT,30,784000,6,48.5,86.1,Yes
EMP2718,Sales,32,1010000,4,41.0,65.8,No
EMP2719,Marketing,21,900000,6,41.7,63.8,No
EMP2720,HR,38,866000,7,48.9,62.7,No
EMP2721,Operations,43,1173000,6,51.7,73.4,Yes
EMP2722,HR,32,909000,6,42.7,68.1,No
EMP2723,Marketing,40,781000,10,46.1,80.3,Yes
EMP2724,IT,30,1004000,6,51.7,84.8,Yes
EMP2725,IT,42,1214000,5,43.9,79.4,Yes
EMP2726,Finance,40,1068000,1,36.2,56.4,No
EMP2727,Finance,36,961000,3,38.5,69.6,No
EMP2728,Finance,47,912000,6,44.2,74.3,Yes
EMP2729,Marketing,27,943000,6,49.6,73.9,No
EMP2730,IT,39,1004000,4,42.0,82.0,Yes
EMP2731,Sales,27,1063000,10,45.1,79.4,Yes
EMP2732,HR,42,918000,4,40.6,66.9,No
EMP2733,Finance,41,1085000,8,52.4,89.3,No
EMP2734,IT,36,1181000,9,42.3,89.8,Yes
EMP2735,IT,37,1211000,9,46.3,66.1,Yes
EMP2736,Finance,43,1100000,11,48.9,88.9,Yes
EMP2737,Finance,41,1046000,4,42.2,66.7,No
EMP2738,Marketing,34,936000,6,45.2,72.3,No
EMP2739,HR,38,772000,7,48.2,75.8,No
EMP2740,Marketing,31,1062000,5,42.8,73.6,No
EMP2741,Finance,28,990000,6,43.0,78.0,Yes
EMP2742,Operations,28,876000,6,49.4,76.4,No
EMP2743,Finance,31,881000,6,44.0,69.0,Yes
EMP2744,Operations,31,989000,4,43.1,52.6,No
EMP2745,IT,33,1135000,6,44.3,60.4,No
EMP2746,HR,36,913000,8,40.5,80.9,No
EMP2747,Finance,29,785000,7,47.0,80.3,No
EMP2748,Operations,33,905000,5,45.4,68.7,No
EMP2749,IT,23,994000,10,45.0,69.1,Yes
EMP2750,Finance,37,878000,9,44.9,87.8,No
EMP2751,Finance,33,954000,6,44.2,77.3,Yes
EMP2752,HR,22,585000,3,46.3,67.2,No
EMP2753,Operations,40,1096000,6,44.1,67.2,No
EMP2754,Finance,41,1077000,8,55.6,84.7,No
EMP2755,Sales,30,861000,4,30.5,64.2,No
EMP2756,Finance,47,1203000,12,38.7,83.6,Yes
EMP2757,HR,28,865000,4,44.2,71.6,No
EMP2758,Marketing,32,1177000,3,50.8,79.1,Yes
EMP2759,HR,43,906000,5,52.9,79.6,No
EMP2760,HR,39,928000,1,45.6,72.9,No
EMP2761,Finance,28,1100000,12,41.9,78.5,Yes
EMP2762,IT,21,1013000,2,38.9,50.4,No
EMP2763,Marketing,27,927000,7,39.4,54.8,No
EMP2764,Operations,30,857000,3,38.8,73.9,No
EMP2765,IT,40,1141000,8,38.7,74.0,No
EMP2766,Finance,51,1277000,9,51.6,86.8,Yes
EMP2767,Operations,30,858000,4,38.6,60.8,No
EMP2768,IT,34,1278000,5,44.4,64.1,No
EMP2769,Sales,38,862000,6,41.2,73.3,No
EMP2770,HR,23,770000,3,33.8,54.9,No
EMP2771,HR,31,746000,4,39.9,73.2,No
EMP2772,IT,43,1118000,9,46.5,93.6,Yes
EMP2773,IT,22,1016000,7,43.0,62.5,No
EMP2774,Marketing,33,961000,7,48.9,75.9,Yes
EMP2775,IT,34,1096000,6,48.9,78.3,No
EMP2776,Sales,34,991000,9,46.3,86.7,Yes
EMP2777,IT,37,1117000,4,41.4,74.1,No
EMP2778,Sales,44,872000,7,44.8,87.1,No
EMP2779,IT,44,1118000,2,49.4,75.2,No
EMP2780,Marketing,31,872000,5,41.4,71.2,No
EMP2781,Marketing,38,966000,10,38.1,71.8,Yes
EMP2782,IT,29,967000,8,36.2,66.5,No
EMP2783,Sales,34,931000,10,44.7,81.4,Yes
EMP2784,Operations,31,764000,5,43.4,68.4,No
EMP2785,IT,40,1165000,11,47.6,90.4,Yes
EMP2786,IT,40,1176000,8,45.0,84.2,No
EMP2787,Sales,33,980000,6,41.7,70.1,No
EMP2788,IT,47,1180000,5,40.8,78.0,Yes
EMP2789,IT,35,966000,5,46.7,69.8,Yes
EMP2790,Sales,33,807000,8,50.5,85.8,Yes
EMP2791,Finance,33,1008000,5,44.2,83.8,Yes
EMP2792,Marketing,38,835000,2,34.3,54.9,No
EMP2793,Sales,31,885000,5,44.8,67.5,No
EMP2794,HR,37,681000,5,45.0,67.4,No
EMP2795,Marketing,43,1016000,7,46.1,76.8,Yes
EMP2796,HR,33,937000,2,39.0,62.1,No
EMP2797,Operations,21,845000,5,39.4,84.3,Yes
EMP2798,Operations,32,914000,4,39.7,52.2,No
EMP2799,Operations,28,933000,6,46.7,75.7,Yes
EMP2800,HR,27,985000,3,39.7,75.4,No
EMP2801,Marketing,40,905000,3,44.1,62.2,No
EMP2802,Finance,40,1010000,8,45.4,71.0,Yes
EMP2803,HR,24,640000,7,39.3,60.3,No
EMP2804,IT,39,1097000,4,45.7,80.7,Yes
EMP2805,Finance,45,964000,9,43.2,91.4,Yes
EMP2806,Operations,42,947000,7,45.4,67.1,No
EMP2807,Marketing,29,901000,10,50.0,75.8,No
EMP2808,Finance,27,926000,8,47.3,80.8,Yes
EMP2809,IT,30,1230000,6,49.7,74.3,No
EMP2810,Sales,38,926000,7,45.8,91.1,No
EMP2811,Finance,40,914000,6,50.2,76.8,No
EMP2812,HR,33,729000,14,56.3,87.0,Yes
EMP2813,Marketing,38,746000,5,57.0,74.8,No
EMP2814,Sales,35,1035000,8,44.6,77.7,No
EMP2815,Operations,26,744000,5,45.3,57.8,No
EMP2816,Finance,50,1110000,6,45.9,100.0,Yes
EMP2817,Finance,33,953000,12,52.2,90.2,Yes
EMP2818,Operations,21,824000,5,42.5,52.9,No
EMP2819,HR,41,1147000,2,37.5,68.6,No
EMP2820,IT,37,1091000,7,40.8,77.4,No
EMP2821,Finance,44,1073000,8,46.6,72.8,Yes
EMP2822,HR,40,751000,4,38.2,72.9,No
EMP2823,HR,39,885000,15,48.3,84.4,No
EMP2824,IT,33,1154000,7,39.1,68.8,Yes
EMP2825,IT,23,1071000,6,54.1,79.4,No
EMP2826,Sales,30,826000,11,51.8,86.4,Yes
EMP2827,Sales,39,878000,7,40.7,59.9,No
EMP2828,Operations,39,788000,3,40.3,78.1,No
EMP2829,Finance,50,1339000,7,49.2,92.2,Yes
EMP2830,IT,38,1164000,7,43.5,74.7,No
EMP2831,Sales,34,990000,5,47.6,78.8,No
EMP2832,Marketing,28,858000,11,44.2,83.1,Yes
EMP2833,Operations,32,866000,5,45.5,62.4,No
EMP2834,Marketing,35,873000,3,37.6,45.3,No
EMP2835,Operations,21,958000,7,43.7,71.4,No
EMP2836,Finance,40,1117000,11,48.4,80.0,No
EMP2837,Marketing,38,965000,10,49.0,84.0,No
EMP2838,Finance,40,935000,15,46.4,88.9,Yes
EMP2839,Sales,26,1006000,6,42.3,80.1,No
EMP2840,Sales,29,725000,5,41.7,65.4,No
EMP2841,Operations,21,758000,9,40.6,65.6,No
EMP2842,Sales,37,837000,7,46.8,69.3,No
EMP2843,Sales,29,901000,5,38.9,70.0,No
EMP2844,Sales,34,796000,9,51.2,70.6,No
EMP2845,Finance,39,943000,3,36.5,66.7,No
EMP2846,IT,38,1161000,12,40.8,92.9,Yes
EMP2847,IT,29,985000,12,49.1,98.1,Yes
EMP2848,Sales,33,923000,9,45.3,71.3,Yes
EMP2849,Finance,27,843000,12,48.2,80.5,Yes
EMP2850,Operations,41,956000,6,34.0,63.0,No
EMP2851,Sales,45,1013000,7,43.5,72.6,No
EMP2852,Operations,30,973000,3,43.6,60.1,No
EMP2853,Marketing,29,1044000,6,47.9,66.5,No
EMP2854,Marketing,27,864000,4,40.2,60.1,No
EMP2855,Marketing,31,957000,10,53.5,89.1,Yes
EMP2856,Sales,28,927000,6,52.2,82.1,Yes
EMP2857,IT,32,1164000,4,42.6,68.3,No
EMP2858,IT,36,1060000,8,45.6,73.3,No
EMP2859,Finance,21,828000,4,47.6,61.6,No
EMP2860,Operations,22,836000,6,54.1,65.2,No
EMP2861,Operations,28,773000,10,42.3,73.9,No
EMP2862,Operations,34,897000,6,48.7,78.7,No
EMP2863,IT,33,771000,10,36.3,80.5,No
EMP2864,Finance,37,1120000,8,41.3,71.7,No
EMP2865,Finance,44,1051000,7,41.9,95.7,Yes
EMP2866,Finance,30,828000,6,45.9,84.4,No
EMP2867,Operations,43,937000,11,45.5,90.5,Yes
EMP2868,Marketing,45,1057000,13,51.8,98.4,Yes
EMP2869,IT,42,1194000,10,50.8,88.2,No
EMP2870,Marketing,39,1083000,7,37.4,74.5,Yes
EMP2871,Sales,39,1005000,5,36.7,72.5,No
EMP2872,IT,35,984000,6,46.9,69.0,Yes
EMP2873,IT,36,1161000,5,41.8,75.1,Yes
EMP2874,Marketing,35,1013000,10,43.4,83.4,No
EMP2875,IT,42,1089000,6,38.0,81.5,No
EMP2876,Operations,36,919000,5,44.7,68.5,No
EMP2877,Sales,34,858000,6,48.7,73.5,No
EMP2878,Operations,48,976000,3,41.6,67.0,No
EMP2879,IT,44,1282000,2,44.3,72.6,No
EMP2880,Sales,35,866000,4,40.8,57.8,No
EMP2881,Operations,27,805000,6,51.7,69.4,No
EMP2882,Operations,30,897000,6,45.0,79.2,Yes
EMP2883,Sales,30,771000,11,36.9,70.1,No
EMP2884,HR,38,913000,6,43.0,75.4,No
EMP2885,Sales,37,687000,6,49.2,86.5,Yes
EMP2886,Sales,25,904000,4,41.4,59.6,Yes
EMP2887,IT,33,953000,5,48.5,78.9,No
EMP2888,Finance,40,1162000,9,42.0,88.3,Yes
EMP2889,Sales,53,1152000,12,46.7,84.5,Yes
EMP2890,Sales,34,995000,6,44.5,76.3,No
EMP2891,Finance,43,1146000,3,44.5,62.0,No
EMP2892,HR,26,739000,6,36.5,60.8,No
EMP2893,Operations,39,867000,10,47.8,80.3,No
EMP2894,Sales,50,973000,7,47.6,74.0,Yes
EMP2895,Finance,31,924000,5,48.9,65.4,No
EMP2896,Finance,28,895000,5,41.9,66.2,No
EMP2897,Marketing,45,1064000,8,45.9,83.0,Yes
EMP2898,IT,28,1095000,4,46.0,71.0,No
EMP2899,Sales,48,1111000,8,38.3,65.6,Yes
EMP2900,Finance,35,1112000,3,42.4,66.0,No
EMP2901,Operations,43,976000,4,49.5,85.9,Yes
EMP2902,HR,23,759000,5,40.2,60.4,Yes
EMP2903,Marketing,38,1002000,7,44.4,72.6,No
EMP2904,Sales,33,985000,7,35.6,55.6,No
EMP2905,IT,24,1074000,6,38.5,70.0,No
EMP2906,Operations,28,854000,11,39.9,72.3,No
EMP2907,Marketing,37,1176000,6,34.7,67.8,Yes
EMP2908,IT,41,1167000,7,49.5,85.9,Yes
EMP2909,IT,41,1208000,6,49.7,90.3,Yes
EMP2910,Sales,48,1086000,8,44.5,85.0,Yes
EMP2911,IT,21,992000,6,41.2,75.4,No
EMP2912,IT,40,1101000,2,39.7,72.7,No
EMP2913,HR,41,812000,5,44.4,78.9,Yes
EMP2914,Operations,40,1101000,3,44.0,68.4,No
EMP2915,Operations,37,1011000,5,41.8,78.6,Yes
EMP2916,Marketing,27,776000,12,39.3,82.5,Yes
EMP2917,HR,33,622000,3,39.9,61.9,No
EMP2918,IT,41,1075000,9,47.5,83.5,Yes
EMP2919,IT,24,851000,6,45.4,64.4,Yes
EMP2920,Marketing,30,904000,3,43.9,72.7,No
EMP2921,IT,37,1111000,8,45.8,75.9,Yes
EMP2922,Marketing,24,769000,10,38.8,62.3,Yes
EMP2923,Finance,21,1097000,7,47.8,70.6,No
EMP2924,Operations,41,1089000,9,39.3,73.0,No
EMP2925,IT,36,1088000,7,54.2,91.3,No
EMP2926,HR,37,905000,3,42.7,69.2,Yes
EMP2927,Operations,42,925000,8,43.8,72.4,No
EMP2928,Marketing,42,1090000,6,47.9,87.6,No
EMP2929,Finance,43,1120000,4,45.5,71.6,Yes
EMP2930,Marketing,28,782000,4,48.0,68.5,Yes
EMP2931,Finance,33,1170000,9,36.7,86.0,No
EMP2932,Operations,21,808000,6,45.6,70.6,No
EMP2933,IT,31,930000,8,55.8,79.3,No
EMP2934,IT,28,1005000,5,48.6,71.4,No
EMP2935,IT,40,1133000,10,52.5,94.2,Yes
EMP2936,HR,34,940000,6,40.5,63.7,No
EMP2937,HR,23,758000,1,40.6,59.8,No
EMP2938,Finance,44,1007000,5,48.5,79.3,No
EMP2939,IT,27,1014000,5,45.5,67.8,No
EMP2940,Operations,37,764000,7,47.3,77.8,Yes
EMP2941,Marketing,28,926000,9,44.0,75.4,Yes
EMP2942,Marketing,21,895000,8,41.8,77.6,No
EMP2943,Sales,33,861000,6,49.7,83.1,No
EMP2944,Finance,35,866000,5,41.9,75.8,No
EMP2945,Finance,38,974000,9,36.3,76.1,No
EMP2946,Finance,27,935000,6,47.0,80.7,Yes
EMP2947,IT,44,1011000,9,51.8,81.8,No
EMP2948,Finance,29,962000,7,48.6,67.1,Yes
EMP2949,Operations,27,575000,4,42.8,67.2,No
EMP2950,HR,30,732000,2,41.4,52.8,No
EMP2951,Operations,31,914000,3,44.7,65.5,No
EMP2952,Operations,43,970000,8,48.5,84.3,Yes
EMP2953,IT,28,1023000,7,44.3,69.3,Yes
EMP2954,Marketing,31,930000,4,46.8,83.0,No
EMP2955,Finance,40,901000,4,39.2,66.2,Yes
EMP2956,Marketing,30,865000,8,45.6,73.5,No
EMP2957,Marketing,21,865000,7,46.5,59.8,No
EMP2958,Marketing,21,819000,6,42.5,72.7,No
EMP2959,Finance,33,1096000,9,51.4,78.3,Yes
EMP2960,Finance,31,977000,4,45.5,84.5,Yes
EMP2961,Finance,21,952000,8,40.7,79.3,No
EMP2962,IT,42,1095000,8,41.2,84.1,Yes
EMP2963,Sales,36,1050000,8,52.8,84.1,No
EMP2964,Operations,39,1001000,5,46.9,64.4,No
EMP2965,Sales,38,966000,3,42.9,60.9,No
EMP2966,Operations,22,645000,9,42.5,70.1,No
EMP2967,Finance,21,828000,7,32.0,71.1,Yes
EMP2968,Operations,30,772000,3,38.9,49.5,No
EMP2969,Sales,43,1019000,9,39.3,84.0,Yes
EMP2970,Sales,25,919000,6,47.5,69.9,No
EMP2971,Sales,30,849000,4,38.5,63.2,No
EMP2972,Sales,27,980000,1,41.4,60.6,No
EMP2973,HR,41,896000,4,40.5,63.7,No
EMP2974,Finance,30,1022000,10,40.7,73.2,No
EMP2975,Operations,31,814000,8,40.1,75.8,No
EMP2976,Operations,48,894000,7,39.8,77.1,No
EMP2977,Operations,22,974000,6,31.8,59.5,No
EMP2978,Finance,46,1154000,7,45.5,88.8,Yes
EMP2979,Operations,34,907000,12,54.7,87.4,Yes
EMP2980,Finance,27,1064000,5,41.0,64.7,No
EMP2981,Operations,29,654000,2,44.9,72.0,No
EMP2982,IT,37,1018000,7,40.5,79.7,Yes
EMP2983,Sales,21,1028000,8,44.8,70.0,No
EMP2984,Sales,25,839000,9,47.2,76.0,No
EMP2985,Finance,25,1054000,7,48.8,77.2,Yes
EMP2986,Finance,31,940000,9,42.6,69.3,No
EMP2987,IT,22,1070000,5,38.2,64.7,No
EMP2988,Marketing,31,1002000,9,36.4,69.0,Yes
EMP2989,Operations,27,957000,7,41.9,52.3,No
EMP2990,HR,36,735000,5,39.2,62.0,No
EMP2991,Finance,36,1130000,5,39.5,65.8,No
EMP2992,Marketing,46,936000,9,52.5,95.1,Yes
EMP2993,Finance,40,1041000,5,49.0,71.4,No
EMP2994,IT,26,1129000,6,42.4,64.8,No
EMP2995,Finance,32,1031000,6,42.9,70.9,Yes
EMP2996,HR,43,852000,4,45.9,80.9,No
EMP2997,HR,30,797000,9,50.1,89.3,Yes
EMP2998,Marketing,21,810000,5,45.9,64.6,No
EMP2999,IT,37,1078000,6,48.1,80.3,No
EMP3000,Sales,37,970000,6,36.0,60.9,No
EMP3001,HR,21,738000,2,41.2,65.0,No
EMP3002,Finance,29,1021000,8,47.2,75.8,No
EMP3003,Operations,25,804000,7,40.3,64.0,No
EMP3004,IT,28,981000,5,46.6,75.1,No
EMP3005,IT,37,837000,9,42.1,85.1,Yes
EMP3006,Finance,43,1026000,3,46.3,73.6,No
EMP3007,Sales,41,966000,8,42.5,69.4,No
EMP3008,IT,31,855000,4,38.6,69.9,No
EMP3009,Sales,22,721000,8,55.8,84.3,No
EMP3010,Operations,42,957000,7,44.9,78.8,Yes
EMP3011,HR,48,882000,4,45.2,69.2,No
EMP3012,Marketing,32,997000,4,45.6,76.7,No
EMP3013,Operations,29,780000,7,41.6,60.1,No
EMP3014,Sales,40,962000,6,49.2,86.2,Yes
EMP3015,Marketing,34,967000,9,44.6,80.6,No
EMP3016,IT,26,997000,6,54.6,91.3,Yes
EMP3017,Marketing,38,1161000,2,41.6,70.5,No
EMP3018,HR,38,945000,11,47.3,91.0,No
EMP3019,Finance,35,1094000,5,45.8,76.6,Yes
EMP3020,Sales,24,812000,8,45.1,81.8,No
EMP3021,Finance,48,1224000,7,47.1,100.0,Yes
EMP3022,Sales,21,792000,8,40.9,80.1,Yes
EMP3023,Operations,40,1018000,8,38.2,69.6,Yes
EMP3024,Finance,48,1204000,8,44.0,87.7,Yes
EMP3025,Finance,26,849000,6,43.1,70.6,No
EMP3026,IT,27,1100000,4,47.8,74.3,Yes
EMP3027,Sales,41,840000,4,49.3,63.6,No
EMP3028,Finance,35,1041000,6,46.3,77.8,No
EMP3029,Marketing,29,897000,9,46.3,79.4,No
EMP3030,HR,40,890000,11,37.0,71.4,Yes
EMP3031,Finance,41,997000,8,50.0,88.9,Yes
EMP3032,Marketing,25,875000,3,44.3,68.5,No
EMP3033,IT,32,955000,6,42.6,67.8,No
EMP3034,IT,41,1081000,6,40.0,76.4,No
EMP3035,HR,37,867000,10,41.2,70.3,No
EMP3036,Marketing,44,911000,6,51.4,90.1,No
EMP3037,Sales,28,997000,8,43.4,72.1,Yes
EMP3038,Marketing,36,995000,5,45.6,77.0,Yes
EMP3039,IT,44,1220000,3,43.7,61.3,Yes
EMP3040,Finance,47,1103000,3,40.9,70.4,No
EMP3041,Sales,37,871000,9,40.3,77.0,No
EMP3042,Finance,30,1055000,6,51.1,74.2,No
EMP3043,Finance,42,1120000,4,45.2,84.6,Yes
EMP3044,HR,32,876000,6,52.9,86.9,Yes
EMP3045,HR,27,721000,4,34.8,59.0,No
EMP3046,Operations,35,1001000,7,42.3,80.6,Yes
EMP3047,Marketing,24,797000,6,37.1,52.0,No
EMP3048,Marketing,34,908000,4,43.4,75.4,No
EMP3049,Sales,27,949000,10,47.6,76.3,Yes
EMP3050,Operations,49,1011000,7,36.3,73.3,No
EMP3051,IT,41,1176000,8,42.5,82.7,No
EMP3052,Finance,33,964000,7,46.8,70.3,No
EMP3053,IT,34,1011000,5,45.7,67.8,No
EMP3054,Sales,32,837000,4,45.6,78.5,No
EMP3055,Sales,35,876000,10,52.1,75.4,No
EMP3056,Sales,24,697000,7,42.9,57.9,No
EMP3057,Sales,49,1104000,7,35.7,77.6,No
EMP3058,IT,26,935000,6,42.0,66.0,No
EMP3059,Operations,43,1155000,6,45.1,68.0,Yes
EMP3060,Operations,28,848000,11,45.5,82.9,Yes
EMP3061,IT,38,1043000,5,47.9,77.0,Yes
EMP3062,Operations,42,991000,3,40.7,55.5,No
EMP3063,Operations,23,919000,7,54.9,73.4,No
EMP3064,Finance,39,1003000,6,46.5,80.3,Yes
EMP3065,Sales,35,1030000,11,50.9,80.9,Yes
EMP3066,Sales,46,914000,5,36.0,77.1,No
EMP3067,Sales,35,1078000,5,44.3,74.8,Yes
EMP3068,Marketing,21,1000000,4,53.7,71.1,No
EMP3069,HR,36,1081000,5,40.3,68.4,No
EMP3070,Operations,32,773000,3,44.3,61.3,No
EMP3071,HR,24,744000,6,43.6,73.0,No
EMP3072,Finance,45,1024000,7,42.9,91.6,Yes
EMP3073,Sales,36,988000,10,46.0,78.4,Yes
EMP3074,Marketing,37,925000,3,44.2,65.5,No
EMP3075,Operations,24,881000,7,55.9,81.1,No
EMP3076,Marketing,33,844000,1,42.4,66.2,No
EMP3077,Finance,27,894000,4,35.8,57.1,No
EMP3078,HR,46,918000,6,43.5,66.3,Yes
EMP3079,IT,35,1190000,5,40.2,80.8,Yes
EMP3080,Finance,39,1123000,8,45.2,82.6,Yes
EMP3081,Sales,33,968000,4,43.9,59.8,No
EMP3082,Operations,29,795000,7,44.1,66.5,No
EMP3083,Sales,37,839000,7,41.2,78.2,No
EMP3084,Sales,24,834000,2,46.7,63.1,No
EMP3085,Operations,36,890000,1,46.8,62.4,No
EMP3086,Sales,39,1073000,8,49.8,74.6,Yes
EMP3087,IT,46,1139000,10,47.8,86.5,No
EMP3088,HR,31,699000,8,43.3,67.4,No
EMP3089,Marketing,30,840000,7,52.8,70.7,No
EMP3090,HR,36,769000,5,37.4,56.3,No
EMP3091,IT,36,1233000,5,40.7,82.4,No
EMP3092,Finance,45,1046000,5,42.7,72.4,No
EMP3093,Sales,50,989000,9,41.8,83.1,Yes
EMP3094,Finance,47,1155000,5,40.2,82.3,Yes
EMP3095,Finance,23,883000,8,42.8,76.6,No
EMP3096,IT,38,1037000,7,41.9,68.6,No
EMP3097,Sales,36,958000,5,40.0,66.3,No
EMP3098,Operations,25,1079000,5,43.0,54.1,No
EMP3099,Operations,37,1012000,9,43.5,77.5,Yes
EMP3100,IT,38,1167000,5,30.7,67.2,No
EMP3101,IT,31,1255000,6,48.6,64.0,No
EMP3102,Marketing,30,882000,6,51.3,84.1,No
EMP3103,Operations,33,904000,6,47.7,80.5,Yes
EMP3104,IT,36,1066000,4,43.4,68.3,Yes
EMP3105,IT,38,1128000,12,54.9,96.5,Yes
EMP3106,IT,37,1090000,9,47.4,84.5,Yes
EMP3107,Operations,48,991000,5,45.8,70.3,No
EMP3108,Marketing,29,935000,2,34.0,51.2,No
EMP3109,HR,27,639000,4,45.3,73.7,No
EMP3110,IT,44,1036000,3,42.4,76.8,No
EMP3111,Operations,34,758000,4,45.0,74.1,Yes
EMP3112,HR,21,715000,5,44.3,56.8,No
EMP3113,IT,47,1156000,5,43.1,83.2,Yes
EMP3114,Operations,42,970000,7,39.2,67.2,Yes
EMP3115,Sales,27,950000,9,43.4,77.6,Yes
EMP3116,Finance,36,1047000,5,41.4,67.4,No
EMP3117,Finance,24,980000,8,54.0,73.1,No
EMP3118,Sales,45,916000,5,57.7,79.6,No
EMP3119,Finance,29,975000,3,50.5,76.6,No
EMP3120,Finance,22,743000,9,46.6,77.2,No
EMP3121,HR,36,791000,3,41.7,64.6,No
EMP3122,Finance,42,1098000,4,36.3,64.3,No
EMP3123,Finance,43,1181000,4,44.4,70.8,Yes
EMP3124,Finance,36,1056000,4,46.4,81.6,No
EMP3125,Finance,36,997000,6,45.4,74.6,Yes
EMP3126,Finance,41,1028000,4,44.2,68.8,No
EMP3127,IT,33,1042000,6,37.8,65.8,No
EMP3128,Finance,23,747000,6,43.9,59.4,No
EMP3129,Operations,36,935000,5,41.8,73.6,No
EMP3130,Sales,23,880000,9,42.7,71.7,No
EMP3131,Finance,42,1177000,6,44.0,78.8,No
EMP3132,Finance,30,1038000,7,42.5,69.5,No
EMP3133,IT,30,880000,6,45.0,81.8,No
EMP3134,Marketing,40,848000,2,42.1,64.7,No
EMP3135,Sales,34,841000,8,45.6,74.9,No
EMP3136,IT,40,1217000,8,38.0,79.3,Yes
EMP3137,HR,38,872000,6,47.4,68.0,No
EMP3138,Marketing,26,784000,5,43.5,69.3,No
EMP3139,Marketing,33,906000,9,46.7,85.1,No
EMP3140,Operations,26,877000,6,47.4,75.9,No
EMP3141,Sales,45,1098000,2,38.2,67.1,No
EMP3142,IT,41,1179000,7,47.8,78.8,Yes
EMP3143,HR,33,540000,5,41.3,69.6,No
EMP3144,Finance,36,1091000,6,40.3,65.7,Yes
EMP3145,Sales,40,1076000,7,41.1,73.2,Yes
EMP3146,HR,33,861000,5,48.7,79.2,No
EMP3147,Marketing,33,959000,8,49.0,70.8,Yes
EMP3148,Finance,37,980000,3,50.6,79.5,No
EMP3149,Operations,40,910000,4,37.0,84.8,No
EMP3150,Operations,47,997000,8,40.9,76.3,Yes
EMP3151,Operations,51,1140000,7,36.6,78.9,Yes
EMP3152,HR,29,793000,8,42.4,67.4,No
EMP3153,Finance,37,1016000,7,47.0,70.0,No
EMP3154,Marketing,32,849000,5,53.7,91.5,No
EMP3155,IT,43,1170000,2,32.7,56.4,No
EMP3156,Sales,24,1087000,7,42.5,67.6,Yes
EMP3157,IT,28,1085000,9,46.2,68.1,No
EMP3158,IT,30,972000,7,48.3,87.7,No
EMP3159,Finance,29,1041000,9,46.5,75.5,Yes
EMP3160,Marketing,34,908000,8,49.4,70.3,Yes
EMP3161,Sales,34,1078000,10,45.0,86.8,Yes
EMP3162,Sales,41,870000,7,39.9,59.1,No
EMP3163,Operations,30,916000,3,44.3,63.8,No
EMP3164,IT,41,1124000,8,40.9,83.1,Yes
EMP3165,Finance,31,979000,5,44.2,68.0,No
EMP3166,Operations,50,1097000,8,35.7,81.5,Yes
EMP3167,Sales,42,1104000,4,46.9,71.1,Yes
EMP3168,Sales,46,1015000,7,50.5,88.9,Yes
EMP3169,Marketing,39,1024000,6,47.3,76.0,Yes
EMP3170,IT,28,1079000,3,31.2,57.4,No
EMP3171,Marketing,36,966000,9,44.4,81.6,Yes
EMP3172,Operations,36,905000,3,48.5,70.3,Yes
EMP3173,Finance,48,953000,7,44.9,81.2,Yes
EMP3174,Finance,30,1082000,8,50.0,80.3,Yes
EMP3175,IT,38,1048000,13,53.5,99.6,Yes
EMP3176,Finance,22,870000,6,39.2,58.3,No
EMP3177,IT,29,1040000,7,39.6,66.3,Yes
EMP3178,Sales,28,977000,8,37.2,81.9,Yes
EMP3179,Operations,34,860000,11,43.8,79.0,Yes
EMP3180,Finance,27,965000,7,43.0,79.8,Yes
EMP3181,Operations,41,789000,4,43.9,68.1,No
EMP3182,HR,39,834000,7,45.1,74.5,Yes
EMP3183,IT,39,1156000,9,47.1,92.5,Yes
EMP3184,Operations,33,804000,4,44.8,70.4,No
EMP3185,Operations,21,796000,9,53.4,76.9,Yes
EMP3186,Marketing,36,970000,7,41.2,78.0,No
EMP3187,Operations,30,781000,4,39.4,75.8,No
EMP3188,Marketing,26,817000,5,40.2,62.3,No
EMP3189,Operations,40,1044000,10,42.8,80.3,Yes
EMP3190,Marketing,30,799000,6,42.9,81.3,No
EMP3191,IT,45,1361000,4,42.2,80.4,Yes
EMP3192,IT,40,1174000,11,44.5,87.2,No
EMP3193,HR,44,804000,6,48.7,82.2,No
EMP3194,HR,21,613000,7,44.4,61.7,No
EMP3195,Sales,45,1073000,1,47.5,60.0,No
EMP3196,IT,36,1027000,8,49.3,84.7,No
EMP3197,HR,24,688000,3,34.1,54.6,No
EMP3198,Sales,40,967000,3,38.4,56.9,No
EMP3199,Operations,28,732000,6,41.8,77.5,Yes
EMP3200,IT,45,1029000,9,44.2,96.9,Yes
EMP3201,Operations,29,913000,9,43.9,68.0,Yes
EMP3202,Finance,38,1031000,4,56.3,91.7,Yes
EMP3203,Operations,34,855000,7,44.6,81.3,No
EMP3204,Finance,26,1089000,7,54.0,79.5,Yes
EMP3205,Sales,28,909000,7,48.7,87.6,No
EMP3206,IT,25,1149000,15,54.3,100.0,Yes
EMP3207,IT,24,883000,4,39.2,61.8,No
EMP3208,Marketing,33,864000,4,43.9,70.4,No
EMP3209,Sales,48,1131000,13,49.8,96.1,No
EMP3210,Operations,28,708000,10,54.6,81.1,No
EMP3211,Operations,32,830000,6,42.5,56.9,No
EMP3212,IT,41,1168000,9,45.4,89.4,Yes
EMP3213,IT,29,932000,7,43.7,71.8,No
EMP3214,Sales,30,1012000,6,49.6,76.2,No
EMP3215,Finance,30,910000,5,43.5,68.6,No
EMP3216,Operations,45,888000,4,37.1,76.9,No
EMP3217,Finance,31,870000,6,47.1,59.8,No
EMP3218,Sales,43,1137000,11,49.0,91.3,Yes
EMP3219,Marketing,44,1019000,2,37.3,76.6,Yes
EMP3220,Sales,37,1017000,8,40.5,84.1,Yes
EMP3221,Operations,48,980000,4,37.9,67.1,No
EMP3222,Finance,23,888000,3,49.9,64.7,No
EMP3223,IT,29,1076000,3,39.0,61.0,No
EMP3224,Operations,38,939000,6,46.9,54.9,No
EMP3225,IT,26,1053000,10,46.9,87.5,Yes
EMP3226,IT,42,1286000,6,47.1,78.4,No
EMP3227,HR,28,863000,7,43.3,84.6,No
EMP3228,Finance,30,958000,7,41.3,61.4,No
EMP3229,Marketing,23,715000,8,47.6,81.1,No
EMP3230,Finance,30,1024000,4,35.2,59.7,No
EMP3231,Operations,40,954000,10,49.6,76.1,Yes
EMP3232,Operations,21,651000,5,45.2,63.1,No
EMP3233,Marketing,39,901000,2,40.3,61.4,No
EMP3234,Finance,50,1156000,8,49.5,74.4,Yes
EMP3235,Operations,23,804000,5,37.0,69.5,No
EMP3236,Marketing,48,1163000,10,45.9,94.9,Yes
EMP3237,Operations,29,635000,4,54.8,75.3,No
EMP3238,IT,34,880000,12,48.9,79.0,Yes
EMP3239,Finance,32,940000,8,40.4,79.5,No
EMP3240,Marketing,52,1032000,8,33.6,76.5,Yes
EMP3241,IT,46,1078000,7,50.3,75.7,No
EMP3242,HR,34,970000,4,46.4,63.9,No
EMP3243,Marketing,42,1034000,8,40.1,82.6,Yes
EMP3244,IT,33,895000,9,44.7,77.5,Yes
EMP3245,Finance,33,1000000,3,47.1,72.8,No
EMP3246,Marketing,33,954000,6,47.2,64.6,No
EMP3247,IT,28,1026000,5,36.0,62.1,No
EMP3248,Marketing,30,868000,5,45.3,67.0,No
EMP3249,IT,47,993000,9,45.1,83.6,No
EMP3250,Marketing,23,1048000,8,41.0,64.6,No
EMP3251,Marketing,30,927000,7,47.0,77.5,No
EMP3252,HR,38,926000,4,35.8,68.7,No
EMP3253,Sales,37,1038000,6,43.6,72.9,No
EMP3254,Marketing,27,686000,4,47.1,72.9,No
EMP3255,IT,23,868000,4,42.4,64.5,No
EMP3256,IT,44,1085000,10,52.1,88.9,Yes
EMP3257,Operations,38,1036000,7,41.1,73.8,Yes
EMP3258,Sales,43,1104000,7,38.1,85.9,Yes
EMP3259,Sales,22,959000,7,43.5,69.4,Yes
EMP3260,IT,31,1008000,9,38.3,74.8,Yes
EMP3261,Finance,45,1109000,3,45.6,70.5,No
EMP3262,Operations,43,978000,4,49.6,83.3,Yes
EMP3263,Marketing,28,797000,6,46.1,75.2,No
EMP3264,Finance,44,1075000,8,44.2,79.6,Yes
EMP3265,Finance,34,1020000,8,47.4,74.9,Yes
EMP3266,IT,24,954000,7,41.5,70.2,Yes
EMP3267,Operations,38,974000,8,51.5,86.0,No
EMP3268,Sales,31,878000,5,45.3,77.4,No
EMP3269,Marketing,23,605000,4,45.7,62.6,No
EMP3270,Finance,36,1040000,6,44.0,66.9,No
EMP3271,Marketing,31,941000,7,46.1,83.1,Yes
EMP3272,Sales,30,788000,9,44.1,80.0,Yes
EMP3273,Operations,21,880000,6,45.7,72.8,No
EMP3274,HR,36,926000,5,34.3,63.4,No
EMP3275,Operations,35,844000,4,44.9,78.6,No
EMP3276,Finance,31,952000,3,38.5,78.4,Yes
EMP3277,Marketing,33,815000,9,40.4,76.0,Yes
EMP3278,Marketing,23,764000,7,45.7,91.5,No
EMP3279,Operations,29,928000,9,48.2,91.2,Yes
EMP3280,Finance,45,1111000,6,41.1,70.8,Yes
EMP3281,Marketing,36,985000,7,40.3,75.0,No
EMP3282,Finance,45,1084000,7,44.1,81.9,No
EMP3283,IT,29,1034000,7,31.6,72.1,Yes
EMP3284,Marketing,40,1021000,8,49.8,72.1,No
EMP3285,IT,27,925000,8,42.4,80.9,No
EMP3286,Operations,52,972000,6,44.2,72.0,No
EMP3287,Operations,28,581000,8,42.6,71.4,No
EMP3288,IT,28,929000,7,39.0,79.7,Yes
EMP3289,Sales,25,909000,7,43.0,77.0,Yes
EMP3290,HR,31,844000,7,39.8,59.1,No
EMP3291,Marketing,21,803000,5,38.5,64.8,No
EMP3292,Sales,39,1073000,4,45.9,72.8,No
EMP3293,Sales,36,945000,6,42.0,69.8,No
EMP3294,IT,30,1044000,7,39.8,63.0,No
EMP3295,HR,38,798000,5,40.7,73.9,Yes
EMP3296,Finance,49,1130000,3,42.2,73.3,No
EMP3297,IT,35,1008000,5,44.0,70.9,No
EMP3298,IT,41,1099000,4,45.1,75.3,No
EMP3299,Operations,37,1042000,3,41.4,66.4,No
EMP3300,Finance,47,919000,9,44.6,86.8,No
EMP3301,IT,37,1132000,6,38.2,70.0,No
EMP3302,Sales,34,1085000,5,44.2,77.7,Yes
EMP3303,IT,24,1122000,10,46.5,82.1,Yes
EMP3304,Finance,57,1200000,4,35.8,86.7,Yes
EMP3305,IT,44,1094000,5,48.8,72.0,No
EMP3306,Finance,37,1054000,3,44.6,78.3,No
EMP3307,IT,26,1098000,4,41.9,70.5,No
EMP3308,Sales,30,1001000,6,43.6,65.6,No
EMP3309,IT,52,1423000,8,37.4,91.1,Yes
EMP3310,Finance,38,1059000,4,44.8,75.4,No
EMP3311,HR,21,753000,5,41.5,62.4,No
EMP3312,IT,39,997000,13,42.4,85.1,Yes
EMP3313,Sales,38,965000,6,50.4,79.5,Yes
EMP3314,HR,42,819000,5,45.4,75.1,Yes
EMP3315,IT,31,1238000,7,47.7,81.6,Yes
EMP3316,Finance,40,987000,6,47.3,82.4,No
EMP3317,Sales,43,838000,6,47.6,88.8,No
EMP3318,Marketing,29,850000,3,54.0,71.2,No
EMP3319,Finance,44,1196000,3,52.3,75.6,Yes
EMP3320,Operations,35,807000,6,47.0,70.5,No
EMP3321,Marketing,22,859000,5,36.2,59.9,No
EMP3322,Marketing,33,876000,5,42.3,67.1,Yes
EMP3323,Sales,31,760000,10,43.3,91.2,Yes
EMP3324,Sales,28,825000,6,33.4,74.5,No
EMP3325,Finance,37,855000,5,45.1,77.8,No
EMP3326,Finance,37,1115000,4,42.5,68.1,No
EMP3327,Operations,36,884000,5,37.0,65.9,No
EMP3328,IT,30,1069000,8,45.7,90.7,No
EMP3329,Finance,33,1040000,8,46.7,91.9,Yes
EMP3330,Finance,35,971000,11,50.6,82.8,Yes
EMP3331,Sales,24,756000,8,42.0,73.3,No
EMP3332,IT,44,1042000,7,53.7,84.8,No
EMP3333,Operations,40,948000,5,37.4,75.4,No
EMP3334,Operations,31,696000,6,43.8,64.8,No
EMP3335,Finance,39,1100000,5,45.7,71.4,No
EMP3336,Operations,41,870000,8,41.1,81.9,Yes
EMP3337,Sales,24,963000,6,41.2,67.6,No
EMP3338,Operations,36,853000,5,34.9,70.1,No
EMP3339,Sales,37,826000,8,50.7,81.5,No
EMP3340,IT,31,968000,5,40.9,80.2,No
EMP3341,Marketing,21,853000,9,35.8,67.8,Yes
EMP3342,IT,40,1114000,8,46.8,72.9,No
EMP3343,IT,44,1094000,6,43.3,77.6,No
EMP3344,Marketing,46,1110000,6,41.7,79.6,Yes
EMP3345,Marketing,45,1194000,4,44.2,80.8,Yes
EMP3346,Finance,21,904000,4,47.7,74.7,Yes
EMP3347,Marketing,30,936000,5,56.7,74.6,No
EMP3348,Finance,36,873000,9,43.4,76.2,Yes
EMP3349,IT,21,954000,6,39.6,63.8,No
EMP3350,Finance,44,1114000,11,48.6,81.6,Yes
EMP3351,Sales,33,973000,10,42.0,73.8,Yes
EMP3352,Finance,36,1040000,9,53.9,98.3,Yes
EMP3353,IT,28,957000,9,42.5,81.7,No
EMP3354,Sales,36,757000,6,43.2,82.7,Yes
EMP3355,Sales,33,988000,7,51.9,82.2,Yes
EMP3356,Marketing,21,886000,5,39.4,61.7,No
EMP3357,Marketing,38,1004000,5,48.7,75.7,No
EMP3358,IT,39,1116000,4,46.3,83.1,Yes
EMP3359,Finance,41,1099000,5,35.5,59.2,Yes
EMP3360,Sales,32,983000,6,46.5,72.9,No
EMP3361,HR,30,889000,5,47.6,64.4,No
EMP3362,HR,32,976000,4,48.4,69.5,No
EMP3363,Finance,32,1030000,4,38.6,58.3,No
EMP3364,Sales,27,930000,12,45.6,80.7,Yes
EMP3365,IT,36,1249000,13,45.3,92.2,Yes
EMP3366,Marketing,25,756000,4,44.1,72.3,No
EMP3367,Marketing,40,902000,6,43.4,78.7,No
EMP3368,Finance,26,837000,5,52.4,72.3,No
EMP3369,Sales,44,1146000,9,45.4,83.6,Yes
EMP3370,Finance,34,1145000,5,45.9,74.1,Yes
EMP3371,Marketing,40,1005000,4,41.0,68.5,Yes
EMP3372,IT,36,1161000,4,39.7,72.3,No
EMP3373,IT,44,1140000,10,41.1,93.7,Yes
EMP3374,Marketing,39,924000,4,42.9,63.4,No
EMP3375,Sales,36,943000,1,40.9,61.4,No
EMP3376,Operations,23,715000,3,44.4,66.2,No
EMP3377,Operations,25,806000,5,47.8,72.9,No
EMP3378,Finance,43,968000,7,44.3,76.3,No
EMP3379,Marketing,36,926000,5,41.6,67.6,No
EMP3380,Finance,45,995000,4,53.3,76.0,No
EMP3381,IT,23,944000,9,38.0,57.8,No
EMP3382,HR,40,1153000,6,48.2,75.6,No
EMP3383,IT,37,1219000,6,50.0,84.6,Yes
EMP3384,Sales,32,936000,8,39.9,61.8,No
EMP3385,IT,29,1216000,5,43.3,73.1,No
EMP3386,Operations,34,850000,10,48.2,75.1,Yes
EMP3387,IT,31,910000,6,40.5,70.0,No
EMP3388,Sales,35,935000,8,51.3,76.5,Yes
EMP3389,Operations,36,913000,8,42.8,72.6,Yes
EMP3390,Finance,31,1068000,5,42.0,70.4,Yes
EMP3391,HR,32,968000,10,39.4,70.7,Yes
EMP3392,Finance,28,907000,2,44.9,60.6,No
EMP3393,IT,26,1056000,8,45.0,88.5,Yes
EMP3394,Sales,49,1148000,5,41.6,73.1,No
EMP3395,Marketing,25,931000,10,38.0,66.7,No
EMP3396,Sales,31,897000,7,46.7,70.5,No
EMP3397,Sales,41,1099000,8,41.1,77.0,Yes
EMP3398,Sales,25,708000,6,43.3,65.3,No
EMP3399,IT,40,991000,5,47.9,73.9,No
EMP3400,Finance,37,1105000,2,43.8,62.0,No
EMP3401,Sales,28,1046000,9,46.9,70.1,No
EMP3402,IT,40,1103000,8,40.2,72.6,Yes
EMP3403,Sales,22,768000,8,44.5,61.5,No
EMP3404,Finance,26,830000,13,44.2,80.4,Yes
EMP3405,Marketing,36,886000,2,34.3,53.9,No
EMP3406,Finance,33,914000,8,52.9,74.8,Yes
EMP3407,IT,37,1054000,7,43.8,80.4,No
EMP3408,IT,41,1102000,6,43.2,78.3,Yes
EMP3409,IT,29,908000,3,47.6,78.0,Yes
EMP3410,Operations,51,1029000,4,39.1,72.6,No
EMP3411,Finance,32,1009000,6,44.2,66.7,Yes
EMP3412,IT,43,999000,6,36.1,76.5,No
EMP3413,Marketing,38,863000,6,44.2,68.7,No
EMP3414,Sales,21,607000,5,52.4,62.8,No
EMP3415,IT,37,1178000,4,45.8,59.5,No
EMP3416,Operations,31,758000,6,47.1,69.6,No
EMP3417,IT,25,987000,13,47.4,94.9,No
EMP3418,Marketing,21,936000,2,46.8,59.2,No
EMP3419,Operations,31,832000,6,44.0,66.6,No
EMP3420,Marketing,23,881000,4,39.6,60.9,No
EMP3421,Finance,29,846000,8,48.1,79.2,No
EMP3422,IT,38,1324000,6,38.8,62.5,No
EMP3423,Operations,40,893000,5,50.6,66.3,No
EMP3424,IT,31,1123000,3,38.5,45.9,No
EMP3425,Sales,36,1067000,6,44.6,70.7,No
EMP3426,IT,36,967000,6,49.3,74.4,Yes
EMP3427,Sales,42,1009000,7,46.1,70.7,No
EMP3428,Sales,39,967000,2,46.8,61.2,Yes
EMP3429,Operations,41,996000,4,44.8,84.8,Yes
EMP3430,Finance,36,1024000,8,47.0,66.2,No
EMP3431,Operations,38,806000,10,30.0,63.6,Yes
EMP3432,HR,30,778000,7,41.6,71.7,No
EMP3433,IT,23,1051000,7,48.7,74.3,No
EMP3434,IT,24,1050000,9,49.0,85.7,Yes
EMP3435,Marketing,37,1027000,6,44.4,75.2,No
EMP3436,IT,43,1041000,5,41.5,65.0,No
EMP3437,Sales,44,1103000,6,44.2,94.4,Yes
EMP3438,HR,38,711000,3,44.5,75.2,Yes
EMP3439,Operations,46,938000,9,44.4,86.3,No
EMP3440,Sales,36,1177000,7,44.0,83.4,Yes
EMP3441,IT,28,954000,6,46.4,88.3,Yes
EMP3442,Finance,34,899000,3,38.2,54.6,No
EMP3443,Operations,35,969000,0,42.0,67.4,No
EMP3444,IT,46,1066000,8,50.3,94.5,Yes
EMP3445,IT,50,1265000,5,39.0,66.3,Yes
EMP3446,Finance,47,1203000,10,42.7,88.2,Yes
EMP3447,Operations,35,997000,5,44.1,63.9,No
EMP3448,Sales,31,1020000,12,43.4,81.7,Yes
EMP3449,IT,40,1248000,12,48.8,94.4,Yes
EMP3450,Finance,52,1340000,9,42.9,85.6,Yes
EMP3451,IT,39,1018000,11,43.1,90.7,Yes
EMP3452,Operations,33,777000,7,51.4,81.8,No
EMP3453,Marketing,37,987000,3,54.2,79.2,No
EMP3454,Finance,29,1029000,11,44.2,74.7,Yes
EMP3455,Sales,28,906000,5,43.8,64.3,No
EMP3456,Finance,36,959000,11,47.6,96.2,Yes
EMP3457,Finance,25,1012000,3,31.1,67.0,No
EMP3458,IT,34,899000,9,44.4,80.3,No
EMP3459,IT,39,989000,10,44.5,91.0,Yes
EMP3460,Finance,26,975000,8,48.8,73.2,Yes
EMP3461,Finance,48,1050000,5,42.1,66.1,Yes
EMP3462,Marketing,38,774000,3,47.2,75.4,No
EMP3463,Finance,30,823000,2,41.3,60.7,No
EMP3464,Marketing,32,923000,2,40.4,51.9,No
EMP3465,IT,39,1058000,8,53.2,94.0,Yes
EMP3466,Sales,32,835000,7,46.5,86.4,Yes
EMP3467,HR,34,866000,6,40.2,73.5,No
EMP3468,Marketing,33,941000,6,41.9,73.2,No
EMP3469,Finance,39,1089000,6,52.0,75.4,Yes
EMP3470,Operations,44,878000,7,47.1,81.6,Yes
EMP3471,Operations,27,949000,4,40.4,54.7,No
EMP3472,Sales,39,1066000,9,50.0,76.1,Yes
EMP3473,IT,34,882000,8,46.0,82.6,Yes
EMP3474,Sales,37,977000,4,44.3,73.0,No
EMP3475,Operations,34,779000,5,35.6,65.1,No
EMP3476,Marketing,40,1008000,8,53.3,94.3,Yes
EMP3477,IT,35,1130000,4,37.5,67.2,Yes
EMP3478,Sales,37,1016000,2,45.3,68.1,No
EMP3479,Operations,49,980000,6,39.3,72.7,Yes
EMP3480,IT,30,1093000,4,47.4,64.8,No
EMP3481,Marketing,28,925000,3,51.1,63.7,No
EMP3482,Finance,32,1117000,12,49.8,97.5,Yes
EMP3483,Operations,27,797000,7,48.6,79.9,No
EMP3484,Sales,41,930000,4,44.1,68.5,No
EMP3485,Finance,43,1162000,6,47.6,82.4,Yes
EMP3486,Operations,40,923000,7,39.2,68.8,No
EMP3487,Finance,32,957000,4,42.1,73.1,Yes
EMP3488,HR,36,835000,10,47.5,82.8,Yes
EMP3489,Finance,38,1195000,5,52.1,69.1,Yes
EMP3490,Operations,37,958000,6,50.8,60.0,No
EMP3491,Marketing,30,1112000,6,52.1,77.5,Yes
EMP3492,Finance,33,953000,4,48.3,77.1,No
EMP3493,HR,45,997000,4,46.2,67.0,No
EMP3494,HR,23,851000,5,49.5,73.0,No
EMP3495,Sales,23,914000,4,43.9,63.6,No
EMP3496,Sales,41,1065000,2,50.1,89.6,Yes
EMP3497,IT,28,958000,11,50.4,96.5,Yes
EMP3498,IT,39,1037000,5,46.5,82.1,Yes
EMP3499,Finance,21,1007000,8,39.6,72.7,Yes
EMP3500,Marketing,35,952000,13,48.0,79.0,Yes
EMP3501,Operations,43,956000,6,45.3,82.9,Yes
EMP3502,Marketing,44,1053000,5,43.7,81.9,No
EMP3503,IT,33,933000,8,47.7,74.9,No
EMP3504,Sales,34,859000,7,36.9,51.6,No
EMP3505,IT,36,999000,9,41.0,70.9,Yes
EMP3506,IT,25,975000,12,46.2,79.3,No
EMP3507,Finance,23,987000,5,40.3,64.2,No
EMP3508,Sales,42,961000,5,46.7,81.5,No
EMP3509,Operations,27,843000,5,45.7,71.4,No
EMP3510,IT,41,1212000,14,48.3,94.5,No
EMP3511,Marketing,32,798000,8,49.3,74.5,Yes
EMP3512,Operations,32,726000,5,39.6,64.7,No
EMP3513,IT,32,1069000,10,45.2,86.4,Yes
EMP3514,IT,34,1106000,4,38.1,73.4,Yes
EMP3515,Operations,32,867000,9,45.9,76.8,No
EMP3516,Finance,33,968000,9,50.1,94.0,Yes
EMP3517,Sales,41,991000,6,44.6,82.8,No
EMP3518,Operations,32,852000,7,42.4,64.6,No
EMP3519,Marketing,42,980000,3,44.5,74.5,No
EMP3520,Sales,32,1013000,5,39.6,66.0,No
EMP3521,IT,34,1100000,6,48.6,74.9,Yes
EMP3522,IT,32,1053000,3,53.6,68.1,No
EMP3523,Marketing,33,1011000,8,50.5,77.3,No
EMP3524,Operations,56,1163000,9,46.8,92.6,Yes
EMP3525,Marketing,43,994000,4,40.1,72.7,No
EMP3526,IT,27,1027000,5,50.6,68.9,Yes
EMP3527,HR,23,716000,7,42.5,62.0,No
EMP3528,Operations,32,738000,5,50.0,76.4,No
EMP3529,Marketing,30,746000,3,56.7,70.2,No
EMP3530,Sales,41,1112000,2,43.4,73.3,Yes
EMP3531,Sales,40,999000,6,44.3,77.9,Yes
EMP3532,Finance,35,964000,8,47.0,80.3,Yes
EMP3533,IT,23,987000,9,49.0,86.3,No
EMP3534,IT,39,1144000,6,38.3,78.4,No
EMP3535,Operations,30,805000,9,39.4,69.6,No
EMP3536,Finance,33,932000,9,42.5,86.3,Yes
EMP3537,Sales,41,1221000,9,43.1,80.1,Yes
EMP3538,IT,30,1017000,7,45.7,57.0,No
EMP3539,IT,57,1178000,6,45.0,95.0,Yes
EMP3540,Finance,47,1140000,4,34.7,64.9,No
EMP3541,HR,21,726000,3,47.2,67.1,No
EMP3542,Operations,29,608000,5,37.5,67.8,No
EMP3543,Finance,30,978000,7,46.3,74.8,No
EMP3544,Sales,28,1006000,11,46.9,82.8,Yes
EMP3545,HR,37,937000,3,43.1,64.1,No
EMP3546,HR,31,932000,5,60.0,81.9,No
EMP3547,Sales,35,962000,11,42.2,69.8,No
EMP3548,Sales,29,988000,6,47.9,73.4,No
EMP3549,Sales,29,980000,7,43.4,63.6,Yes
EMP3550,Sales,33,821000,9,44.8,77.4,Yes
EMP3551,Operations,32,992000,3,41.7,67.1,No
EMP3552,IT,34,712000,5,42.3,74.9,No
EMP3553,Marketing,31,906000,4,41.6,75.0,Yes
EMP3554,IT,35,967000,4,46.1,72.5,No
EMP3555,Sales,42,1051000,7,44.6,76.7,Yes
EMP3556,Operations,48,1178000,6,43.7,79.1,Yes
EMP3557,Operations,47,868000,6,41.7,75.7,No
EMP3558,Operations,31,949000,4,42.9,60.0,No
EMP3559,Finance,36,944000,13,51.2,96.0,Yes
EMP3560,IT,37,1138000,11,50.1,79.6,Yes
EMP3561,Sales,27,955000,6,47.3,68.5,No
EMP3562,Marketing,46,1041000,7,48.5,75.8,Yes
EMP3563,HR,39,1062000,1,38.1,52.9,No
EMP3564,Marketing,29,928000,9,32.4,63.3,No
EMP3565,Operations,31,819000,3,42.3,55.9,No
EMP3566,Operations,22,784000,7,40.4,59.8,No
EMP3567,Operations,29,682000,10,41.4,57.2,No
EMP3568,IT,42,1279000,3,42.6,71.0,No
EMP3569,Marketing,28,871000,4,42.0,70.7,No
EMP3570,Finance,42,1140000,7,45.3,87.5,Yes
EMP3571,Sales,43,1002000,6,39.8,67.0,Yes
EMP3572,Operations,40,984000,3,43.7,69.3,No
EMP3573,Sales,42,911000,9,48.1,98.9,Yes
EMP3574,IT,39,928000,9,48.1,91.6,No
EMP3575,IT,39,1136000,4,35.2,68.2,No
EMP3576,Operations,31,945000,8,38.1,66.4,No
EMP3577,IT,33,771000,5,39.7,74.3,No
EMP3578,Sales,21,808000,10,48.0,73.7,Yes
EMP3579,Operations,24,853000,4,48.5,76.3,No
EMP3580,Operations,39,1109000,9,39.1,73.5,Yes
EMP3581,Finance,37,858000,7,38.4,60.9,Yes
EMP3582,Marketing,35,985000,9,48.2,74.9,Yes
EMP3583,Sales,31,912000,8,47.6,76.5,Yes
EMP3584,Operations,42,978000,5,49.4,78.2,No
EMP3585,IT,28,802000,9,49.4,72.9,Yes
EMP3586,IT,21,882000,6,48.9,86.6,No
EMP3587,Sales,28,846000,6,38.2,78.4,No
EMP3588,Finance,33,994000,7,46.2,72.6,No
EMP3589,HR,48,1042000,6,35.2,74.8,No
EMP3590,Operations,43,1225000,7,41.4,74.7,No
EMP3591,Marketing,28,833000,9,43.6,68.8,No
EMP3592,Marketing,25,773000,7,50.5,70.2,No
EMP3593,Finance,38,1057000,7,44.3,79.9,Yes
EMP3594,Marketing,32,752000,3,42.2,57.8,No
EMP3595,HR,31,741000,7,40.7,63.2,No
EMP3596,Marketing,32,993000,10,47.0,70.5,No
EMP3597,Marketing,46,1232000,8,47.0,86.0,Yes
EMP3598,Operations,37,1027000,6,44.8,83.2,Yes
EMP3599,Marketing,31,805000,6,50.3,86.2,Yes
EMP3600,IT,32,953000,9,53.1,94.2,No
EMP3601,IT,39,1036000,4,49.4,80.5,No
EMP3602,HR,36,934000,2,41.6,76.9,No
EMP3603,Operations,39,983000,2,41.2,69.7,No
EMP3604,Operations,30,827000,2,38.7,49.4,No
EMP3605,Operations,54,1020000,9,43.1,81.4,Yes
EMP3606,HR,35,813000,4,33.6,59.6,No
EMP3607,IT,39,1161000,7,39.7,71.3,Yes
EMP3608,Operations,41,728000,5,43.2,61.9,No
EMP3609,Marketing,33,1075000,7,37.9,49.2,No
EMP3610,IT,48,1167000,5,50.7,95.1,Yes
EMP3611,IT,43,1077000,7,47.2,86.8,Yes
EMP3612,IT,26,1000000,11,43.1,80.8,Yes
EMP3613,Finance,41,929000,7,48.1,88.1,Yes
EMP3614,Finance,23,923000,11,47.4,69.5,No
EMP3615,HR,23,804000,2,43.5,51.6,No
EMP3616,IT,38,1327000,8,41.6,90.9,Yes
EMP3617,IT,21,815000,7,41.9,66.8,No
EMP3618,IT,32,970000,7,40.2,72.7,Yes
EMP3619,HR,25,783000,3,41.9,58.1,No
EMP3620,Operations,37,879000,3,45.5,70.3,Yes
EMP3621,Sales,39,939000,5,37.7,83.5,Yes
EMP3622,IT,29,961000,9,45.9,82.1,No
EMP3623,Sales,37,853000,6,44.1,78.4,No
EMP3624,HR,51,1034000,5,42.5,66.5,Yes
EMP3625,IT,40,1037000,8,40.8,75.6,No
EMP3626,Sales,26,884000,9,45.8,71.0,Yes
EMP3627,Marketing,41,1026000,4,50.2,77.9,No
EMP3628,Operations,26,824000,6,43.8,75.6,No
EMP3629,Marketing,26,900000,7,43.5,78.2,Yes
EMP3630,IT,38,1079000,8,49.4,83.2,Yes
EMP3631,IT,28,1030000,7,47.7,78.0,Yes
EMP3632,IT,24,883000,6,38.1,60.2,Yes
EMP3633,Sales,41,981000,3,49.0,52.4,Yes
EMP3634,Finance,27,1006000,7,52.5,78.2,No
EMP3635,IT,31,985000,4,42.4,77.8,Yes
EMP3636,IT,25,1062000,6,49.1,74.3,No
EMP3637,Operations,34,951000,6,46.5,65.1,No
EMP3638,Sales,35,929000,11,50.7,92.0,Yes
EMP3639,IT,49,1333000,4,47.9,76.9,No
EMP3640,Marketing,41,913000,7,44.0,67.7,No
EMP3641,IT,29,999000,10,37.4,70.6,No
EMP3642,Finance,39,1103000,5,46.0,83.8,Yes
EMP3643,Finance,30,1036000,9,49.1,71.1,Yes
EMP3644,Sales,37,754000,7,48.5,72.9,No
EMP3645,Sales,43,1067000,6,51.8,92.2,Yes
EMP3646,Marketing,30,941000,3,48.6,52.6,No
EMP3647,Operations,32,848000,8,30.8,59.7,No
EMP3648,Operations,24,774000,6,44.1,64.0,No
EMP3649,Marketing,30,874000,6,45.4,76.3,Yes
EMP3650,Sales,32,873000,5,41.1,56.5,No
EMP3651,Sales,32,966000,7,44.6,84.3,Yes
EMP3652,IT,33,940000,6,44.5,63.7,No
EMP3653,Marketing,34,924000,11,36.0,68.6,No
EMP3654,Sales,30,836000,4,41.1,79.4,No
EMP3655,Operations,25,917000,7,43.3,64.8,Yes
EMP3656,HR,28,766000,3,42.7,60.3,No
EMP3657,Sales,32,983000,12,45.3,82.5,No
EMP3658,Sales,26,841000,7,53.3,87.7,Yes
EMP3659,Finance,26,957000,6,41.3,64.0,No
EMP3660,Operations,31,644000,12,48.3,83.4,Yes
EMP3661,Sales,29,961000,5,51.1,72.2,Yes
EMP3662,Marketing,24,783000,3,43.6,67.8,No
EMP3663,IT,29,881000,6,43.4,68.1,No
EMP3664,Finance,31,978000,7,58.4,87.9,Yes
EMP3665,IT,21,1077000,13,46.5,100.0,Yes
EMP3666,Operations,34,764000,8,37.2,72.2,No
EMP3667,Marketing,38,951000,8,51.2,83.3,No
EMP3668,Marketing,45,1119000,9,44.6,80.3,No
EMP3669,Finance,37,1025000,6,41.8,73.9,No
EMP3670,Marketing,31,911000,5,43.1,69.5,No
EMP3671,Finance,32,1174000,5,44.2,79.0,Yes
EMP3672,Operations,45,1054000,7,52.2,76.7,Yes
EMP3673,Finance,32,984000,4,49.0,59.4,No
EMP3674,Sales,32,837000,4,40.8,66.6,No
EMP3675,IT,43,1098000,6,35.8,84.5,Yes
EMP3676,HR,21,795000,3,44.2,64.4,Yes
EMP3677,Sales,50,753000,3,38.2,80.3,Yes
EMP3678,Operations,21,638000,4,45.2,74.3,No
EMP3679,Sales,36,923000,6,40.1,66.5,No
EMP3680,HR,41,775000,4,53.7,81.4,No
EMP3681,IT,32,986000,4,36.9,68.7,No
EMP3682,Sales,36,937000,6,36.1,57.3,No
EMP3683,IT,28,1208000,8,48.0,87.1,Yes
EMP3684,Marketing,50,997000,7,32.0,69.1,No
EMP3685,IT,36,874000,5,47.7,78.4,No
EMP3686,Finance,42,1141000,5,43.8,79.0,Yes
EMP3687,HR,27,818000,5,42.7,63.1,No
EMP3688,Sales,34,899000,5,38.3,67.0,No
EMP3689,Finance,21,994000,5,47.3,77.5,No
EMP3690,HR,33,811000,5,34.8,68.6,Yes
EMP3691,Operations,21,885000,4,37.6,52.4,No
EMP3692,IT,46,1245000,6,48.9,77.0,Yes
EMP3693,Finance,25,958000,10,40.5,73.0,Yes
EMP3694,Marketing,43,851000,10,48.2,88.1,Yes
EMP3695,Sales,34,1033000,9,38.8,71.0,Yes
EMP3696,Operations,32,1035000,4,46.6,63.9,No
EMP3697,Finance,31,928000,6,46.3,70.4,No
EMP3698,Sales,37,933000,5,46.2,82.0,No
EMP3699,Operations,26,931000,12,50.0,84.5,No
EMP3700,Sales,39,1132000,4,44.8,64.3,No
EMP3701,Sales,30,831000,4,46.8,68.2,No
EMP3702,Marketing,39,749000,6,44.9,63.0,No
EMP3703,Operations,37,1018000,4,48.0,68.3,No
EMP3704,Sales,30,896000,4,48.8,61.7,No
EMP3705,Sales,35,885000,7,45.6,74.9,Yes
EMP3706,Finance,33,998000,5,44.6,66.7,No
EMP3707,IT,25,883000,5,32.8,57.0,No
EMP3708,Operations,30,888000,5,38.2,62.1,No
EMP3709,Sales,26,1001000,9,54.5,83.5,Yes
EMP3710,Finance,40,1062000,12,41.5,82.0,Yes
EMP3711,HR,37,792000,8,34.7,59.5,No
EMP3712,Finance,33,1018000,9,44.4,73.4,No
EMP3713,Marketing,29,857000,5,45.5,77.4,No
EMP3714,Marketing,33,872000,10,43.9,82.2,Yes
EMP3715,Marketing,31,961000,9,47.7,74.5,Yes
EMP3716,Marketing,41,1083000,4,40.3,74.9,Yes
EMP3717,HR,44,859000,5,49.4,79.9,Yes
EMP3718,IT,32,1179000,6,43.7,81.5,Yes
EMP3719,Sales,33,876000,8,49.0,84.7,Yes
EMP3720,Marketing,29,837000,8,43.7,82.5,No
EMP3721,Marketing,41,980000,5,43.2,72.9,Yes
EMP3722,Sales,31,885000,5,41.0,81.3,No
EMP3723,Finance,31,1127000,4,45.7,66.9,No
EMP3724,IT,27,1006000,6,45.8,90.2,Yes
EMP3725,Operations,41,937000,6,40.3,75.7,No
EMP3726,IT,33,1034000,8,45.8,67.8,Yes
EMP3727,Sales,37,1069000,4,44.6,70.2,No
EMP3728,Marketing,49,1022000,2,44.7,71.5,No
EMP3729,Finance,39,946000,4,30.0,60.5,No
EMP3730,IT,32,878000,10,41.1,65.2,Yes
EMP3731,Operations,21,831000,2,37.5,58.0,No
EMP3732,IT,28,925000,11,45.2,83.4,No
EMP3733,IT,31,1294000,9,50.3,77.6,No
EMP3734,HR,34,766000,3,42.8,69.4,No
EMP3735,IT,32,927000,4,43.8,58.8,No
EMP3736,Marketing,32,1007000,6,38.5,78.7,No
EMP3737,Finance,25,822000,3,39.5,83.1,No
EMP3738,Marketing,29,802000,8,47.4,86.8,Yes
EMP3739,Finance,34,1004000,5,43.1,65.7,No
EMP3740,IT,26,965000,9,33.9,82.4,No
EMP3741,Sales,34,826000,7,40.4,80.1,No
EMP3742,Sales,42,965000,6,37.7,61.7,No
EMP3743,Operations,28,843000,6,32.9,60.3,Yes
EMP3744,Operations,33,981000,9,47.2,71.1,No
EMP3745,Sales,36,994000,3,45.0,61.3,Yes
EMP3746,Operations,21,944000,4,46.2,73.7,No
EMP3747,IT,37,1101000,7,31.7,60.3,No
EMP3748,Finance,27,905000,5,43.1,70.4,No
EMP3749,IT,34,1129000,11,49.4,77.7,No
EMP3750,IT,32,974000,6,50.1,87.9,Yes
EMP3751,IT,26,877000,12,41.0,85.1,No
EMP3752,Finance,44,1141000,8,45.3,73.2,Yes
EMP3753,HR,26,823000,6,36.2,68.3,Yes
EMP3754,IT,48,1210000,10,51.9,87.7,Yes
EMP3755,HR,31,807000,4,56.3,74.2,No
EMP3756,Marketing,53,1028000,5,50.3,77.0,No
EMP3757,IT,29,1049000,8,50.9,77.6,No
EMP3758,Sales,37,1057000,3,39.9,82.5,No
EMP3759,Operations,47,1095000,3,53.6,74.1,No
EMP3760,Marketing,37,753000,4,36.6,78.7,No
EMP3761,HR,24,902000,8,40.7,63.5,No
EMP3762,Operations,51,888000,10,42.1,75.8,No
EMP3763,IT,22,999000,7,36.0,66.7,No
EMP3764,Marketing,28,887000,4,47.6,71.0,Yes
EMP3765,IT,41,979000,7,45.4,80.4,Yes
EMP3766,Marketing,21,711000,3,41.6,57.2,No
EMP3767,Operations,35,953000,4,41.7,74.5,No
EMP3768,Operations,42,1005000,5,43.1,79.3,No
EMP3769,IT,23,1002000,6,39.8,63.5,Yes
EMP3770,Sales,37,1064000,7,43.9,77.4,Yes
EMP3771,Finance,26,959000,7,42.4,71.8,No
EMP3772,Marketing,30,706000,8,43.4,73.7,No
EMP3773,HR,21,671000,10,49.3,82.2,No
EMP3774,IT,35,1028000,7,44.3,80.6,No
EMP3775,Finance,34,1010000,2,33.2,68.6,No
EMP3776,Sales,39,940000,9,38.9,80.6,Yes
EMP3777,Operations,48,1122000,4,31.6,71.1,No
EMP3778,Finance,35,889000,6,60.0,90.6,Yes
EMP3779,HR,43,952000,5,46.6,74.4,Yes
EMP3780,IT,30,947000,6,41.1,70.7,Yes
EMP3781,Operations,41,1197000,3,33.4,55.3,No
EMP3782,Operations,43,1060000,7,41.4,72.1,No
EMP3783,Sales,34,895000,10,42.8,75.5,No
EMP3784,Sales,31,1097000,6,54.7,80.2,No
EMP3785,Operations,40,816000,9,50.1,85.4,No
EMP3786,IT,31,884000,5,47.9,74.1,No
EMP3787,IT,33,856000,11,47.0,91.0,Yes
EMP3788,Sales,27,721000,2,39.6,67.1,No
EMP3789,Sales,38,909000,6,43.6,75.9,Yes
EMP3790,Sales,41,972000,5,41.1,87.0,No
EMP3791,Marketing,33,964000,5,51.4,70.0,Yes
EMP3792,Finance,43,918000,13,53.4,95.3,Yes
EMP3793,Sales,21,935000,13,47.2,75.2,Yes
EMP3794,Marketing,26,998000,7,44.1,74.7,Yes
EMP3795,Finance,21,942000,7,37.5,54.4,No
EMP3796,Sales,35,1096000,2,47.3,72.4,No
EMP3797,Sales,39,1004000,6,43.1,77.4,No
EMP3798,IT,43,1160000,5,39.5,74.0,No
EMP3799,Finance,29,1029000,8,49.0,75.2,No
EMP3800,HR,24,912000,2,44.4,74.3,No
EMP3801,Finance,43,1103000,9,52.7,82.9,Yes
EMP3802,Sales,24,837000,7,42.7,81.3,Yes
EMP3803,Marketing,36,847000,6,41.2,64.3,Yes
EMP3804,HR,41,883000,8,48.2,79.3,Yes
EMP3805,Finance,37,1024000,8,48.7,75.6,Yes
EMP3806,Operations,37,901000,5,33.3,67.8,No
EMP3807,IT,34,978000,9,51.9,88.7,Yes
EMP3808,Sales,28,789000,6,45.1,76.1,No
EMP3809,IT,26,936000,6,37.0,66.9,No
EMP3810,Operations,33,792000,7,42.2,73.8,Yes
EMP3811,IT,35,1187000,2,34.6,59.1,No
EMP3812,IT,33,1043000,10,41.9,65.0,No
EMP3813,Finance,34,1166000,6,40.1,75.3,Yes
EMP3814,Sales,37,994000,6,37.7,73.8,No
EMP3815,Marketing,39,959000,4,34.4,77.7,Yes
EMP3816,IT,39,1014000,9,41.5,83.8,Yes
EMP3817,Operations,33,863000,5,46.6,74.7,No
EMP3818,Operations,33,822000,7,43.9,80.0,No
EMP3819,HR,38,878000,6,40.1,79.6,No
EMP3820,Marketing,36,1080000,4,40.6,66.6,No
EMP3821,Operations,37,810000,5,41.3,68.9,No
EMP3822,Sales,25,992000,14,50.7,87.8,Yes
EMP3823,IT,24,1041000,3,39.4,51.6,No
EMP3824,Sales,33,839000,7,50.1,70.8,No
EMP3825,Marketing,32,952000,7,44.9,78.9,Yes
EMP3826,Marketing,34,919000,4,47.4,77.4,No
EMP3827,Finance,26,917000,5,48.3,67.4,No
EMP3828,IT,36,1108000,7,40.3,72.5,Yes
EMP3829,Finance,39,1035000,10,41.8,74.2,Yes
EMP3830,IT,35,956000,10,50.5,80.4,Yes
EMP3831,Sales,29,1043000,10,50.6,79.7,Yes
EMP3832,Sales,38,978000,6,45.5,79.8,Yes
EMP3833,Operations,36,1045000,7,41.8,70.2,Yes
EMP3834,Operations,41,943000,6,41.2,62.1,No
EMP3835,Sales,21,746000,7,41.7,62.4,No
EMP3836,Finance,41,1040000,6,45.1,87.2,No
EMP3837,IT,35,937000,2,50.4,74.7,No
EMP3838,Operations,45,1056000,7,44.4,78.6,Yes
EMP3839,IT,29,982000,9,45.0,87.6,Yes
EMP3840,Sales,33,818000,4,40.6,71.3,No
EMP3841,Marketing,42,1110000,4,38.8,73.3,Yes
EMP3842,Marketing,23,803000,5,44.7,73.2,No
EMP3843,Operations,31,901000,6,40.4,52.5,No
EMP3844,Sales,31,897000,6,44.0,76.7,No
EMP3845,Sales,38,872000,3,46.0,64.7,No
EMP3846,Finance,31,859000,6,42.0,55.3,No
EMP3847,Finance,39,1001000,7,45.0,97.2,No
EMP3848,Marketing,31,1037000,5,44.3,65.6,No
EMP3849,Finance,37,1129000,10,38.9,80.7,Yes
EMP3850,Finance,49,1145000,7,34.1,85.5,Yes
EMP3851,Operations,45,974000,7,41.0,68.3,No
EMP3852,IT,42,1187000,6,35.8,72.0,No
EMP3853,Marketing,29,897000,4,52.3,79.6,No
EMP3854,IT,29,904000,12,47.6,87.5,Yes
EMP3855,Sales,41,962000,10,45.8,80.7,Yes
EMP3856,IT,38,954000,4,38.3,58.2,No
EMP3857,Operations,23,760000,7,42.9,67.4,Yes
EMP3858,IT,21,897000,3,37.6,54.5,No
EMP3859,IT,49,1219000,12,52.9,98.4,Yes
EMP3860,Marketing,35,831000,7,42.4,69.9,No
EMP3861,Marketing,34,1035000,5,45.4,66.8,No
EMP3862,Marketing,40,928000,6,41.2,68.2,No
EMP3863,IT,23,815000,9,48.5,74.4,Yes
EMP3864,IT,46,1293000,10,51.2,98.4,Yes
EMP3865,IT,28,815000,12,58.8,97.8,Yes
EMP3866,HR,38,997000,3,46.8,63.0,No
EMP3867,IT,26,945000,10,40.3,67.7,Yes
EMP3868,Sales,38,936000,4,41.4,66.6,No
EMP3869,IT,26,1042000,6,45.0,76.5,No
EMP3870,HR,32,918000,3,42.9,65.3,No
EMP3871,Marketing,26,912000,5,44.6,67.6,Yes
EMP3872,Sales,30,1127000,4,44.2,70.8,No
EMP3873,IT,28,909000,9,50.8,90.2,Yes
EMP3874,Sales,45,1191000,11,37.4,84.3,Yes
EMP3875,HR,33,885000,2,48.1,64.3,No
EMP3876,Marketing,30,857000,10,42.9,76.7,No
EMP3877,Sales,34,953000,7,52.0,78.7,No
EMP3878,Operations,49,1073000,6,48.8,68.2,Yes
EMP3879,Operations,27,767000,2,52.0,83.1,No
EMP3880,Operations,39,976000,3,35.9,69.9,No
EMP3881,Sales,31,871000,5,41.7,66.1,No
EMP3882,Sales,31,821000,9,45.7,69.6,Yes
EMP3883,Sales,39,1001000,7,41.5,79.3,Yes
EMP3884,Sales,26,929000,6,40.0,71.7,No
EMP3885,Marketing,39,935000,5,45.3,76.1,Yes
EMP3886,Finance,30,1053000,12,47.7,79.4,Yes
EMP3887,HR,37,679000,4,40.7,66.1,No
EMP3888,Marketing,36,1037000,10,48.9,89.3,Yes
EMP3889,Operations,40,954000,6,46.5,67.0,No
EMP3890,IT,43,1200000,9,40.3,74.7,Yes
EMP3891,Sales,43,1094000,12,51.7,84.6,Yes
EMP3892,Marketing,28,991000,4,42.5,62.1,No
EMP3893,Marketing,34,832000,9,41.9,74.9,Yes
EMP3894,Sales,37,886000,5,44.3,73.0,No
EMP3895,Operations,39,892000,5,49.9,73.3,No
EMP3896,Operations,36,978000,6,41.4,62.0,No
EMP3897,Finance,39,1062000,5,49.7,83.4,Yes
EMP3898,HR,47,1124000,8,45.5,80.2,Yes
EMP3899,Operations,32,1001000,5,40.5,60.9,No
EMP3900,Finance,34,1095000,10,54.4,100.0,Yes
EMP3901,Marketing,31,863000,5,40.5,60.6,No
EMP3902,HR,41,924000,9,49.0,78.4,No
EMP3903,Finance,37,968000,8,49.1,85.4,Yes
EMP3904,Finance,54,1248000,7,45.3,87.8,Yes
EMP3905,Sales,30,842000,3,47.7,62.6,No
EMP3906,Finance,29,841000,4,46.5,67.8,No
EMP3907,Sales,25,879000,4,38.7,53.3,No
EMP3908,IT,26,1045000,4,49.1,73.2,No
EMP3909,IT,28,904000,6,40.0,71.9,No
EMP3910,Sales,35,1005000,8,52.0,77.7,Yes
EMP3911,IT,32,1039000,9,48.4,93.3,Yes
EMP3912,HR,39,856000,6,44.3,76.9,Yes
EMP3913,IT,35,1113000,7,41.3,82.5,Yes
EMP3914,Operations,28,832000,7,48.8,81.7,No
EMP3915,Marketing,27,858000,4,40.9,51.8,No
EMP3916,Sales,41,950000,2,44.6,67.0,No
EMP3917,Operations,50,920000,7,35.5,72.2,No
EMP3918,Marketing,28,874000,6,47.2,67.7,No
EMP3919,Finance,39,1037000,6,38.8,73.7,Yes
EMP3920,HR,21,638000,9,46.9,71.5,No
EMP3921,Operations,29,794000,10,44.0,70.2,Yes
EMP3922,Sales,36,936000,5,47.3,71.4,Yes
EMP3923,Operations,37,865000,3,49.3,73.7,Yes
EMP3924,Operations,28,743000,6,41.9,68.5,No
EMP3925,Sales,46,1017000,3,48.5,77.7,No
EMP3926,IT,21,1067000,9,43.6,77.7,Yes
EMP3927,HR,36,1030000,4,45.9,81.3,Yes
EMP3928,Sales,26,584000,5,44.7,68.7,No
EMP3929,Operations,26,924000,8,40.7,55.0,Yes
EMP3930,Sales,46,1135000,6,43.3,71.4,Yes
EMP3931,IT,46,871000,12,49.2,90.4,Yes
EMP3932,HR,35,884000,4,32.6,65.4,Yes
EMP3933,Marketing,21,818000,5,57.7,82.4,No
EMP3934,Finance,43,1188000,9,46.0,78.6,Yes
EMP3935,IT,39,1262000,5,45.9,74.4,No
EMP3936,Sales,34,855000,10,46.8,79.7,No
EMP3937,HR,24,616000,5,43.9,71.1,No
EMP3938,Operations,21,799000,7,44.7,67.0,No
EMP3939,IT,24,893000,6,46.5,66.5,Yes
EMP3940,Sales,35,972000,2,35.9,67.9,No
EMP3941,Operations,35,956000,4,40.5,74.0,No
EMP3942,Operations,25,687000,3,54.7,60.5,No
EMP3943,Operations,37,966000,4,41.9,73.4,No
EMP3944,IT,24,975000,5,43.3,75.7,No
EMP3945,Operations,38,687000,3,35.4,60.1,No
EMP3946,IT,36,1094000,8,40.8,75.7,No
EMP3947,Sales,37,922000,7,50.8,100.0,Yes
EMP3948,Sales,34,991000,3,40.8,72.9,Yes
EMP3949,HR,35,809000,5,45.9,62.4,No
EMP3950,IT,33,1216000,5,49.5,89.9,Yes
EMP3951,IT,33,892000,4,38.1,64.2,No
EMP3952,IT,31,996000,9,35.6,83.9,Yes
EMP3953,Operations,32,1051000,3,34.6,44.5,No
EMP3954,IT,31,1047000,11,40.2,85.5,No
EMP3955,Sales,41,987000,5,46.8,71.6,No
EMP3956,Operations,36,1102000,4,41.9,65.8,Yes
EMP3957,HR,25,767000,5,38.3,58.4,No
EMP3958,IT,42,1074000,5,42.4,71.3,Yes
EMP3959,HR,21,578000,3,37.6,54.4,No
EMP3960,Sales,38,948000,10,50.8,90.2,Yes
EMP3961,Operations,22,775000,3,52.0,67.6,No
EMP3962,Finance,31,896000,6,47.7,67.9,No
EMP3963,HR,39,656000,5,43.2,68.7,Yes
EMP3964,Sales,41,966000,12,48.5,83.6,No
EMP3965,Sales,30,965000,5,37.1,63.9,Yes
EMP3966,Sales,35,954000,8,45.0,82.9,Yes
EMP3967,IT,35,1065000,9,45.1,84.3,Yes
EMP3968,Sales,40,1055000,5,44.0,67.9,No
EMP3969,IT,47,1156000,6,49.6,93.7,Yes
EMP3970,Finance,31,858000,7,49.1,75.4,No
EMP3971,HR,32,794000,7,47.6,71.2,No
EMP3972,Marketing,27,933000,1,34.9,52.4,No
EMP3973,Operations,44,782000,6,41.6,68.8,No
EMP3974,Sales,33,1059000,9,51.3,77.0,No
EMP3975,HR,39,846000,5,43.4,53.3,No
EMP3976,Marketing,33,882000,4,42.5,69.9,No
EMP3977,IT,47,1144000,4,39.2,70.6,Yes
EMP3978,IT,36,1135000,4,43.7,71.5,Yes
EMP3979,HR,37,796000,4,43.1,59.0,No
EMP3980,Finance,35,909000,3,43.9,72.3,No
EMP3981,HR,24,705000,4,42.8,67.8,No
EMP3982,IT,41,1362000,8,39.1,88.4,Yes
EMP3983,Operations,26,827000,7,43.9,71.5,Yes
EMP3984,IT,40,1154000,9,47.1,84.3,Yes
EMP3985,IT,40,1030000,10,46.4,76.1,Yes
EMP3986,Marketing,33,979000,10,44.7,80.7,No
EMP3987,Operations,46,989000,10,51.3,88.9,No
EMP3988,Sales,51,1197000,6,42.1,96.5,Yes
EMP3989,Finance,33,1139000,7,45.1,81.8,Yes
EMP3990,Finance,39,974000,6,46.9,64.5,No
EMP3991,Operations,34,892000,2,42.0,65.6,No
EMP3992,Sales,44,982000,7,46.1,63.0,No
EMP3993,IT,36,1104000,6,35.8,67.8,Yes
EMP3994,HR,37,811000,4,47.4,72.5,No
EMP3995,IT,43,1406000,9,36.3,68.6,Yes
EMP3996,Sales,38,967000,6,41.3,64.8,Yes
EMP3997,Sales,40,973000,6,37.4,69.5,No
EMP3998,Sales,31,845000,10,48.9,86.0,Yes
EMP3999,Operations,34,908000,8,44.0,71.7,No
EMP4000,Finance,32,1242000,4,53.5,87.9,Yes
